siren,nom,adresse,code_postal,commune,departement,effectif_code,effectif_label,activite_naf,section_naf,nature_juridique,ca,resultat_net,est_ess,est_esus,est_siae,est_societe_mission,est_association,dirigeants,total_subventions,jtms_offres,jtms_roles,score,segment
775680309,COALLIA,16 AU 18 16 COUR SAINT-ELOI 75012 PARIS 12,75012,PARIS 12,75,51,2000-4999,87.90B,Q,9220,77865443.0,-2882665.0,True,False,True,False,True,ARIAS DIDIER (Commissaire aux comptes suppléant); AZZAOUI MOSTAFA (Autre); BARADJI MAMADOU (Autre); BRULÉ CHRISTIAN (Administrateur); CARENCO JEAN-FRANCOIS CLAUDE (Président du conseil d'administration); CHARDON JEAN-MARC (Vice-Président); DESRUMAUX GILLES (Administrateur); DIAKITE MAHAMADOU (Autre); DIAWARA SIDI (Autre); GASSOT YVES (Administrateur); HESSE CATHERINE (Administrateur); SAVINAS (HUBERTY) MARIE-HELENE (Administrateur); JEUDY KHET-DEUCHLINE (Autre); KARAKAC JEANNETTE (Autre); MACHTOU NICOLAS (Autre); OUSSET XAVIER (Administrateur); RICHARD ARNAUD (Directeur Général); RISTORI DOMINIQUE (Administrateur); SALAT-BAROUX FREDERIC (Administrateur); TIBERGHIEN FREDERIC (Administrateur); BEN HAMOU (VERBEKE) JACQUEMINE (Administrateur),233737123.34,0,,14,Hot
531199974,PREMIERE URGENCE INTERNATIONALE,2 RUE AUGUSTE THOMAS 92600 ASNIERES-SUR-SEINE,92600,ASNIERES-SUR-SEINE,92,32,250-499,88.99B,Q,9220,,,True,False,False,False,True,,22431237.51,6,Stagiaire Afrique 1 | Chargé·e de projet Timesheets | Chargé·e de projet Transformation | Chargé·e de Recrutement et Mobilité | Chargé·e de Webmarketing et Communication Digitale | Responsable Adjoint·e Service Audit,14,Hot
775682040,UCPA SPORT VACANCES (UCPA),21 RUE DE STALINGRAD 94110 ARCUEIL,94110,ARCUEIL,94,42,1000-1999,93.19Z,R,9220,133549189.0,-3573029.0,True,False,False,False,True,LEGAUT GUILLAUME (Directeur Général),1161943.46,0,,12,Hot
530342740,FONDATION DES AMIS DE L'ATELIER,59 BOULEVARD DE STRASBOURG 75010 PARIS,75010,PARIS,75,51,2000-4999,87.20A,Q,9300,,,True,False,True,False,True,,1849109.21,0,,11,Hot
775688732,APF FRANCE HANDICAP (APF),17 BOULEVARD AUGUSTE BLANQUI 75013 PARIS,75013,PARIS,75,53,10000+,88.10B,Q,9230,,,True,False,True,False,True,,8257409.4,0,,11,Hot
775678691,ESPOIR CENTRES FAMILIAUX JEUNE,282 RUE DES PYRENEES 75020 PARIS,75020,PARIS,75,32,250-499,87.90A,Q,9220,,,True,False,True,False,True,,2722044.14,0,,11,Hot
341062404,GROUPE SOS SOLIDARITES,102 C RUE AMELOT 75011 PARIS,75011,PARIS,75,51,2000-4999,87.90B,Q,9220,,,True,False,True,False,True,,105160324.42,0,,11,Hot
775657570,FONDATION COS ALEXANDRE GLASBERG,88-90 88 BOULEVARD DE SEBASTOPOL 75003 PARIS,75003,PARIS,75,51,2000-4999,88.99B,Q,9300,,,True,False,True,False,True,,12205730.54,0,,11,Hot
784579682,FEDERATION APAJH (FEDERATION APAJH),BOITE AU LETTRE N 35 29E ETAGE 33 AVENUE DU MAINE 75015 PARIS,75015,PARIS,75,52,5000-9999,88.99B,Q,9230,,,True,False,True,False,True,,1534776.4300000002,0,,11,Hot
353305238,CITES CARITAS,72 RUE ORFILA 75020 PARIS,75020,PARIS,75,42,1000-1999,88.99B,Q,9220,,,True,False,True,False,True,,64747742.019999996,0,,11,Hot
784615718,FONDATION FALRET,50 RUE DU THEATRE 75015 PARIS,75015,PARIS,75,41,500-999,87.90B,Q,9300,,,True,False,True,False,True,,6586176.42,0,,11,Hot
318043411,ASS FORMA ACTION SOCIALE ECURIE COURSES (AFASEC),IMMEUBLE THEMIS 15 BOULEVARD DE DOUAUMONT 75017 PARIS,75017,PARIS,75,32,250-499,85.32Z,P,9220,,,True,False,True,False,True,,2030565.2000000002,0,,11,Hot
775657695,ASSOCIATION L' ESSOR,79 B RUE DE VILLIERS 92200 NEUILLY-SUR-SEINE,92200,NEUILLY-SUR-SEINE,92,42,1000-1999,70.10Z,Q,9220,,,True,False,True,False,True,,586533.9299999999,0,,11,Hot
775672272,CROIX ROUGE FRANCAISE (CRF),SITE CROIX ROUGE 98 RUE DIDOT 75014 PARIS,75014,PARIS,75,53,10000+,88.99B,Q,9230,,,True,False,True,False,True,,188225617.62,0,,11,Hot
317236248,EMMAUS SOLIDARITE,32 RUE DES BOURDONNAIS 75001 PARIS,75001,PARIS,75,41,500-999,87.90B,Q,9220,,,True,False,True,False,True,,78425856.61,0,,11,Hot
775676265,HOVIA (HOVIA),SIEGE SOCIAL HOVIA PARIS 17 104 RUE JOUFFROY D'ABBANS 75017 PARIS,75017,PARIS,75,42,1000-1999,88.99B,Q,9230,,,True,False,True,False,True,,1399570.24,0,,11,Hot
775737646,APOGEI 94,IMMEUBLE METROSCOPE 68-70 70 AVENUE DU GENERAL DE GAULLE 94000 CRETEIL,94000,CRETEIL,94,42,1000-1999,70.10Z,Q,9220,,,True,False,True,False,True,,1762902.32,0,,11,Hot
792272916,EMMAUS CONNECT,71 RUE ARCHEREAU 75019 PARIS,75019,PARIS,75,22,100-199,94.99Z,Q,9220,,,True,False,False,False,True,,1062889.59,2,Responsable Ressources Humaines H/F | Stagiaire Logistique et réemploi solidaire  H/F,11,Hot
775693385,LADAPT (LADAPT),21 RUE DES ARDENNES 75019 PARIS,75019,PARIS,75,51,2000-4999,88.10C,Q,9230,,,True,False,True,False,True,,522708.55,0,,11,Hot
751703430,CROIX ROUGE INSERTION (CR INSERTION),21 RUE DE LA VANNE 92120 MONTROUGE,92120,MONTROUGE,92,41,500-999,88.99B,S,9220,,,True,False,True,False,True,,1003012.0,0,,11,Hot
775681331,OEUVRE DE SECOURS AUX ENFANTS (OSE),117 RUE DU FAUBOURG DU TEMPLE 75010 PARIS,75010,PARIS,75,41,500-999,88.99A,Q,9230,,,True,False,True,False,True,,786820.61,0,,11,Hot
808022321,ASSOCIATION UCPA SPORT LOISIRS,21  A  37 21 RUE DE STALINGRAD 94110 ARCUEIL,94110,ARCUEIL,94,32,250-499,93.19Z,R,9220,27490730.0,-905728.0,True,False,False,False,True,BAILLY OLIVIER (Administrateur); BARBIER ALAIN (Administrateur); BLEIN YVES JEAN (Autre); BOUIX FREDERIC (Administrateur); CHAUMOND CEDRIC (Administrateur); CORPET MARTHE (Administrateur); LE BAS LILA (Vice-Président); LEGAUT GUILLAUME (Directeur Général); NEDELEC GILLES BENOIT (Vice-Président); BONNET OULALDJ (OULALDJ) EMMANUELLE (Membre); TRÖGE (POINT) VERONIQUE ANNIE (Autre); SAUVRENEAU ALAIN (Administrateur),113368.08,0,,10,Hot
785041005,FONDATION PERCE NEIGE,CS 20171 7 B RUE DE LA GARE 92300 LEVALLOIS-PERRET,92300,LEVALLOIS-PERRET,92,42,1000-1999,88.99B,Q,9300,,,True,False,False,False,True,,5000.0,8,Agent technique (H/F) | Educateur spécialisé (H/F) | Aide-soignant de nuit (H/F) | Moniteur Educateur (H/F) | Accompagnant éducatif et social (AES) (H/F) | Moniteur Educateur (H/F) | Référent technique de l'accompagnement des personnes TND/TSA | Responsable ressources humaines (H/F),10,Hot
398522243,L'OPCOMMERCE,251 BOULEVARD PEREIRE 75017 PARIS,75017,PARIS,75,41,500-999,94.99Z,S,9220,,,True,False,False,False,True,,11171566.21,0,,9,Warm
305405045,AFTRAL (AFTRAL),46 AVENUE DE VILLIERS 75017 PARIS,75017,PARIS,75,51,2000-4999,85.59A,P,9220,,,True,False,False,False,True,,1864389.0,0,,9,Warm
330377524,ASSOCIATION INTERNATIONALE POUR LA FORMATION (A.I.P.F),1 RUE SAINTE-MARIE 92400 COURBEVOIE,92400,COURBEVOIE,92,32,250-499,85.42Z,P,9220,,,True,False,False,False,True,,807580.18,0,,9,Warm
851296632,ATLAS SOUTENIR LES COMPETENCES,25 QUAI PANHARD ET LEVASSOR 75013 PARIS,75013,PARIS,75,32,250-499,94.11Z,S,9220,,,True,False,False,False,True,,19025437.04,0,,9,Warm
334821626,ASS ST LOUIS DE GONZAGUE,12 RUE BENJAMIN FRANKLIN 75016 PARIS,75016,PARIS,75,32,250-499,85.31Z,P,9220,,,True,False,False,False,True,,694109.38,0,,9,Warm
775730096,ESPEREM (ESPEREM),83 RUE DE SEVRES 75006 PARIS,75006,PARIS,75,32,250-499,87.90A,Q,9220,,,True,False,False,False,True,,9954394.77,0,,9,Warm
784280802,IPAG,10 RUE DU THEATRE 75015 PARIS,75015,PARIS,75,32,250-499,85.42Z,P,9220,,,True,False,False,False,True,,655120.0,0,,9,Warm
775723679,AMICALE DU NID,21 RUE DU CHATEAU D'EAU 75010 PARIS,75010,PARIS,75,32,250-499,88.99B,Q,9220,,,True,False,False,False,True,,16006761.14,0,,9,Warm
349958876,ASS NAT GEST FOND INSERT PROFES HANDICAP (AGEFIPH),192 AVENUE ARISTIDE BRIAND 92220 BAGNEUX,92220,BAGNEUX,92,41,500-999,88.99B,Q,9220,,,True,False,False,False,True,,9856275.89,0,,9,Warm
775660087,ASSOCIATION NATIONALE DE PREVENTION EN ALCOOLOGIE ET ADDICTOLOGIE (ANPAA),BP 206 20 RUE SAINT-FIACRE 75002 PARIS,75002,PARIS,75,42,1000-1999,86.21Z,Q,9220,,,True,False,False,False,True,,2265421.89,0,,9,Warm
398898338,EFREI PARIS,30 A 32 30 AVENUE DE LA REPUBLIQUE 94800 VILLEJUIF,94800,VILLEJUIF,94,32,250-499,85.42Z,P,9220,,,True,False,False,False,True,,1732500.0,0,,9,Warm
352216873,ASSOCIATION POUR LE DROIT A L'INITIATIVE ECONOMIQUE (A.D.I.E.),23 RUE DES ARDENNES 75019 PARIS,75019,PARIS,75,41,500-999,88.99B,Q,9220,,,True,False,False,False,True,COMBES (AILLET) DOMINIQUE (Administrateur); ALTWEGG JEAN-MARC (Administrateur); BERNARD MICHEL (Vice-Président); BONNET-GALZY (BONNET) MARIE-CAROLINE FANNY (Administrateur); DÉCHELETTE (CHALAYER) CLAUDE (Administrateur); CASTEL (CLOLUS) ANNICK MARIE HELENE (Administrateur); DEJOIE ERIC (Administrateur); DJAGOUE RUBEN (Administrateur); DOUBILET FLORA (Administrateur); DÉTRIE PHILIPPE (Administrateur); ERRECART MARIE THERESE (Administrateur); GUYOT D'ASNIÈRES DE SALINS ANTOINE (Administrateur); JANAILLAC JEAN-MARC (Administrateur); LAVENIR FREDERIC (Autre); MERCIER VINCENT (Administrateur); SALMON BRUNO (Vice-Président); SILVY PIERRE (Administrateur); VIGNIER BERNARD (Administrateur),4306817.69,0,,9,Warm
775671118,FENELON SAINTE-MARIE-LA PLAINE MONCEAU,47 RUE DE NAPLES 75008 PARIS,75008,PARIS,75,32,250-499,85.31Z,P,9220,,,True,False,False,False,True,,1129286.03,0,,9,Warm
817797095,ARPAVIE,8 RUE ROUGET DE LISLE 92130 ISSY-LES-MOULINEAUX,92130,ISSY-LES-MOULINEAUX,92,51,2000-4999,87.30A,Q,9220,,,True,False,False,False,True,,885577.87,0,,9,Warm
775666696,SECOURS CATHOLIQUE,106 RUE DU BAC 75007 PARIS,75007,PARIS,75,42,1000-1999,88.99B,Q,9230,,,True,False,False,False,True,,5061998.06,0,,9,Warm
309065043,UNIFORMATION,43 BOULEVARD DIDEROT 75012 PARIS,75012,PARIS,75,32,250-499,94.11Z,S,9220,,,True,False,False,False,True,,53300931.52,0,,9,Warm
879036895,OPERATEUR DE COMPETENCES DES ENTREPRISES DE PROXIMITE,4 RUE DU COLONEL DRIANT 75001 PARIS,75001,PARIS,75,42,1000-1999,94.99Z,S,9220,,,True,False,False,False,True,,25904301.76,0,,9,Warm
325002111,ESTP - GRANDE ECOLE D'INGENIEURS DE LA CONSTRUCTION (ESTP),28 AVENUE DU PRESIDENT WILSON 94230 CACHAN,94230,CACHAN,94,41,500-999,85.42Z,P,9220,,,True,False,False,False,True,,2440494.0,0,,9,Warm
775685506,GROUPE SOS JEUNESSE,102 C RUE AMELOT 75011 PARIS,75011,PARIS,75,42,1000-1999,88.99B,Q,9220,,,True,False,False,False,True,,25165887.17,0,,9,Warm
775682982,ASSOCIATION NOTRE DAME DE BON SECOURS,68 RUE DES PLANTES 75014 PARIS,75014,PARIS,75,32,250-499,88.99B,Q,9220,,,True,False,False,False,True,,575215.53,0,,9,Warm
844752006,OCAPIAT,CS 60742 153 RUE DE LA POMPE 75016 PARIS,75016,PARIS,75,32,250-499,94.99Z,S,9220,,,True,False,False,False,True,,9493930.629999999,0,,9,Warm
784547507,FRANCE TERRE D ASILE (FTDA),24 RUE MARC SEGUIN 75018 PARIS,75018,PARIS,75,42,1000-1999,87.90B,Q,9220,,,True,False,False,False,True,,76141155.58,0,,9,Warm
775662026,ASS OUVRIERE COMPAGNON DEVOIR TOUR FRANC (AOCDTF),82 RUE DE L'HOTEL DE VILLE 75004 PARIS,75004,PARIS,75,42,1000-1999,85.59A,P,9230,,,True,False,False,False,True,,692572.98,0,,9,Warm
775691991,SOCIETE PROTECTRICE DES ANIMAUX (SPA),39 BOULEVARD BERTHIER 75017 PARIS,75017,PARIS,75,41,500-999,94.99Z,S,9230,,,True,False,False,False,True,,1033239.73,0,,9,Warm
344656277,ASSOCIATION ENVERGURE,7 RUE NICOLAS ROBERT 93600 AULNAY-SOUS-BOIS,93600,AULNAY-SOUS-BOIS,93,32,250-499,85.59A,P,9220,,,True,False,False,False,True,,511256.62,0,,9,Warm
775666431,ASSOCIATION POUR LE LOGEMENT DES JEUNES TRAVAILLEURS (ALJT),ALJT SIEGE 21 RUE DES ARDENNES 75019 PARIS,75019,PARIS,75,32,250-499,55.90Z,I,9220,,,True,False,False,False,True,,2369084.74,0,,9,Warm
775666548,ASS VALENTIN HAUY SCE AVEUGLES MALVOYANTS (AVH),5 RUE DUROC 75007 PARIS,75007,PARIS,75,41,500-999,88.10B,Q,9230,,,True,False,True,False,True,,178370.09,0,,9,Warm
788105245,LES ARTS DECORATIFS,107 RUE DE RIVOLI 75001 PARIS,75001,PARIS,75,41,500-999,91.02Z,R,9220,,,True,False,False,False,True,,16983504.15,0,,9,Warm
323686691,LEO LAGRANGE PETITE ENFANCE (LLPE),150 RUE DES POISSONNIERS 75018 PARIS,75018,PARIS,75,41,500-999,88.91A,Q,9220,,,True,False,False,False,True,,1276268.0,0,,9,Warm
784810111,CRESCENDO,102 C RUE AMELOT 75011 PARIS,75011,PARIS,75,41,500-999,88.91A,Q,9220,,,True,False,True,False,True,,127230.0,0,,9,Warm
340138957,ASS ST MICHEL DE PICPUS,53 RUE DE LA GARE DE REUILLY 75012 PARIS,75012,PARIS,75,32,250-499,85.31Z,P,9220,,,True,False,False,False,True,,1130548.1300000001,0,,9,Warm
349496174,AIDES,TOUR ESSOR 14 RUE SCANDICCI 93500 PANTIN,93500,PANTIN,93,41,500-999,88.99B,Q,9230,,,True,False,False,False,True,,3160741.0,0,,9,Warm
775685621,UNION FRANCAISE CENTRE VACANCES LOISIRS (UFCV),25 ALLEE ROSE DIENG-KUNTZ 75019 PARIS,75019,PARIS,75,42,1000-1999,94.99Z,P,9220,,,True,False,False,False,True,,4165660.81,0,,9,Warm
309802205,OEUVRES HOSPITALIERES FRANCAISES DE L'ORDRE DE MALTE (OHFOM),42 RUE DES VOLONTAIRES 75015 PARIS,75015,PARIS,75,42,1000-1999,88.99B,Q,9230,,,True,False,False,False,True,,1973853.46,0,,9,Warm
390322055,ASS FONDATION ETUDIANTE POUR LA VILLE,221 RUE LA FAYETTE 75010 PARIS,75010,PARIS,75,41,500-999,88.99B,Q,9220,,,True,False,False,False,True,,14712268.52,0,,9,Warm
322434077,ISM INTERPRETARIAT,90 AVENUE DE FLANDRE 75019 PARIS,75019,PARIS,75,41,500-999,74.30Z,M,9220,,,True,False,False,False,True,,4518976.64,0,,9,Warm
775672439,MOISSONS NOUVELLES,1ER ETAGE 160 RUE DE CRIMEE 75019 PARIS,75019,PARIS,75,42,1000-1999,87.90A,Q,9220,,,True,False,False,False,True,,810345.78,0,,9,Warm
775688104,ASSOCIATION O.R.T.,1ER ETAGE 4 B RUE DES ROSIERS 75004 PARIS,75004,PARIS,75,41,500-999,85.59A,P,9220,,,True,False,False,False,True,,1810805.99,0,,9,Warm
775661440,ADEF HABITAT,19 AU 21 19 RUE BAUDIN 94200 IVRY-SUR-SEINE,94200,IVRY-SUR-SEINE,94,32,250-499,55.90Z,I,9220,,,True,False,False,False,True,,2874340.1100000003,0,,9,Warm
326021177,OPPELIA,60 A 64 60 RUE DU RENDEZ-VOUS 75012 PARIS,75012,PARIS,75,41,500-999,82.11Z,Q,9220,,,True,False,False,False,True,,3410136.89,0,,9,Warm
434447660,INSTITUT D'EDUCATION ET DES PRATIQUES CITOYENNES,59 RUE DE LA COMMUNE DE PARIS 93300 AUBERVILLIERS,93300,AUBERVILLIERS,93,32,250-499,88.10C,Q,9220,,,True,False,True,False,True,,123000.0,0,,9,Warm
849813852,OPERATEUR DE COMPETENCES INTERINDUSTRIEL (OPCO 2I),23 RUE BALZAC 75008 PARIS,75008,PARIS,75,41,500-999,94.99Z,S,9220,,,True,False,False,False,True,,40718886.41,0,,9,Warm
775657729,FONDATION OLGA SPITZER,9 COUR DES PETITES ECURIES 75010 PARIS,75010,PARIS,75,41,500-999,87.90A,Q,9300,,,True,False,False,False,True,,5008969.14,0,,9,Warm
775663933,ASSOCIATION JEAN COTXET (ASSOCIATION),7 BOULEVARD DE MAGENTA 75010 PARIS,75010,PARIS,75,42,1000-1999,70.10Z,Q,9220,,,True,False,False,False,True,,1571020.28,0,,9,Warm
301546503,ASSOCIATION STE MARIE ASM,BP 112 2 RUE DE L'ABBAYE 92160 ANTONY,92160,ANTONY,92,32,250-499,85.31Z,P,9220,,,True,False,False,False,True,,1420831.99,0,,9,Warm
775676349,FONDATION L ELAN RETROUVE,23 RUE CATHERINE DE LA ROCHEFOUCAULD 75009 PARIS,75009,PARIS,75,41,500-999,86.10Z,Q,9300,,,True,False,True,False,True,,487233.74,0,,9,Warm
785501065,ASS SAUVEGARDE ENFANCE ET ADOLESCENCE (ADSEA 93),20 RUE GALLIENI 93000 BOBIGNY,93000,BOBIGNY,93,32,250-499,88.99B,Q,9220,,,True,False,False,False,True,,3985469.08,0,,9,Warm
775672454,VIVRE ET DEVENIR VILLEPINTE - SAINT-MICHEL,2 ALLEE JOSEPH RECAMIER 75015 PARIS,75015,PARIS,75,42,1000-1999,88.99B,Q,9220,,,True,False,False,False,True,,790955.26,0,,9,Warm
775666530,SOC PHILANTHROPIQUE,15 RUE DE BELLECHASSE 75007 PARIS,75007,PARIS,75,42,1000-1999,88.99B,Q,9220,,,True,False,False,False,True,,3618337.38,0,,9,Warm
775680259,LES PETITS FRERES DES PAUVRES (PFP),19 CITE VOLTAIRE 75011 PARIS,75011,PARIS,75,32,250-499,88.99B,Q,9230,,,True,False,False,False,True,,707698.0,0,,9,Warm
328139837,ACTION SOCIALE FINANCES RESTAURATION (ASF RESTAURATION),8 AVENUE DES MINIMES 94300 VINCENNES,94300,VINCENNES,94,32,250-499,56.29B,I,9220,,,True,False,False,False,True,,14927439.78,0,,9,Warm
851240499,OPCO MOBILITES,204 ROND-POINT DU PONT DE SEVRES 92100 BOULOGNE-BILLANCOURT,92100,BOULOGNE-BILLANCOURT,92,41,500-999,85.59A,S,9220,,,True,False,False,False,True,,9399076.1,0,,9,Warm
318732161,CENTRE D ACTION SOCIALE PROTESTANT (CASP),CASP 20 RUE SANTERRE 75012 PARIS,75012,PARIS,75,41,500-999,87.90B,Q,9220,,,True,False,False,False,True,,61676595.65,0,,9,Warm
784280737,INSTITUT CATHOLIQUE DE PARIS,21 RUE D'ASSAS 75006 PARIS,75006,PARIS,75,41,500-999,85.42Z,P,9230,,,True,False,False,False,True,,6791347.27,0,,9,Warm
775722572,CESI (CESI),TOUR PB5 1 AVENUE DU GENERAL DE GAULLE 92800 PUTEAUX,92800,PUTEAUX,92,42,1000-1999,85.42Z,P,9220,,,True,False,False,False,True,,1192602.31,0,,9,Warm
318990892,ACTION CONTRE LA FAIM,CS 10007 102 RUE DE PARIS 93100 MONTREUIL,93100,MONTREUIL,93,41,500-999,88.99A,Q,9220,,,True,False,False,False,True,,19266720.0,0,,9,Warm
302984158,INSTITUT DE L'ELEVAGE,149 RUE DE BERCY 75012 PARIS,75012,PARIS,75,32,250-499,72.19Z,M,9220,,,True,False,False,False,True,,11500547.17,0,,9,Warm
853000982,AKTO,14 RUE RIQUET 75019 PARIS,75019,PARIS,75,42,1000-1999,94.99Z,S,9220,,,True,False,False,False,True,,48059384.910000004,0,,9,Warm
775740525,ASS DE PREVENTION SOINS ET INSERTION (APSI),1 RUE DE L'YSER 94370 SUCY-EN-BRIE,94370,SUCY-EN-BRIE,94,32,250-499,86.21Z,Q,9220,,,True,False,True,False,True,,328891.51,0,,9,Warm
533846150,OPERATEUR DE COMPETENCES DE LA CONSTRUCTION,32 RUE RENE BOULANGER 75010 PARIS,75010,PARIS,75,32,250-499,94.99Z,S,9220,,,True,False,False,False,True,,12379644.86,0,,9,Warm
834983439,PARIS 2024 COMITE D'ORGANISATION DES JEUX OLYMPIQUES ET PARALYMPIQUES (COJO),IMMEUBLE GAVROCHE 190 RUE CHAMPIONNET 75018 PARIS,75018,PARIS,75,51,2000-4999,93.19Z,R,9220,,,True,False,False,False,True,,74980886.0,0,,9,Warm
775685779,ARVALIS INSTITUT DU VEGETAL,3 RUE JOSEPH ET MARIE HACKIN 75016 PARIS,75016,PARIS,75,41,500-999,72.19Z,M,9220,,,True,False,False,False,True,,10442858.64,0,,9,Warm
389515180,SOLIDARITES INTERNATIONAL,89 RUE DE PARIS 92110 CLICHY,92110,CLICHY,92,41,500-999,94.99Z,S,9220,,,True,False,False,False,True,PEIGNEY ANTOINE PAUL BENOIT (Autre),30087199.0,0,,9,Warm
775684012,PROTECTION SOCIALE DE VAUGIRARD,SIEGE SOCIAL 91 B RUE FALGUIERE 75015 PARIS,75015,PARIS,75,32,250-499,87.20A,Q,9220,,,True,False,True,False,True,,167691.21999999997,0,,9,Warm
784346983,CENTRE INTER MEDECINE TRAVAIL,26 RUE MARBEUF 75008 PARIS,75008,PARIS,75,32,250-499,86.21Z,Q,9220,,,True,False,False,False,True,,561168.0,0,,9,Warm
785705922,UNION DEFENS SANTE MENTALE REG EST PARIS,17 BOULEVARD HENRI RUEL 94120 FONTENAY-SOUS-BOIS,94120,FONTENAY-SOUS-BOIS,94,32,250-499,88.99B,Q,9230,,,True,False,True,False,True,,237089.01,0,,9,Warm
785550732,ASSOCIATION D'EDUCATION ET DE PROTECTION CONCORDE (AEPC),51 AVENUE CHEVREUL 93370 MONTFERMEIL,93370,MONTFERMEIL,93,32,250-499,87.90A,Q,9220,,,True,False,False,False,True,,2018077.26,0,,9,Warm
784714008,AFDAS (AFDAS),66 AU 70 66 RUE STENDHAL 75020 PARIS,75020,PARIS,75,32,250-499,94.11Z,S,9220,,,True,False,False,False,True,,12400118.049999999,0,,9,Warm
775666415,LA LIGUE DE L'ENSEIGNEMENT,3 RUE RECAMIER 75007 PARIS 07,75007,PARIS 07,75,32,250-499,94.99Z,S,9220,,,True,False,False,False,True,,26666298.05,0,,9,Warm
402886816,AGENCE D'AIDE A LA COOPERATION TECHNIQUE ET AU DEVELOPPEMENT (ACTED),33 RUE GODOT DE MAUROY 75009 PARIS,75009,PARIS,75,41,500-999,88.99B,Q,9220,,,True,False,False,False,True,BASSE VIANNEY (Administrateur); BENASSI JEAN-LOUIS (Administrateur); DE MOUSTIER (CELIER) PRISCILLA (Administrateur); DESCHOENMAEKER ERIC (Administrateur); DOHET FREDERIC (Administrateur); FERRANDO OLIVIER (Administrateur); GALLET BERTRAND (Autre); GAÜZERE MIREILLE (Administrateur); GOARANT MAXIME (Administrateur); JEDIDI SONIA (Administrateur); LALOGE LAURENT (Administrateur); LAVERTU ERIC (Administrateur); LERIDON MATTHIAS (Administrateur),27746363.5,0,,9,Warm
854033115,OPCO SANTE,31 RUE ANATOLE FRANCE 92300 LEVALLOIS-PERRET,92300,LEVALLOIS-PERRET,92,32,250-499,94.99Z,S,9220,,,True,False,False,False,True,,3575442.36,0,,9,Warm
323037630,DE GESTION DU PENSIONNAT LA SALLE PASSY BUZENVAL (AGPP),50 AVENUE OTIS MYGATT 92500 RUEIL-MALMAISON,92500,RUEIL-MALMAISON,92,32,250-499,85.31Z,P,9220,,,True,False,False,False,True,,1279229.0499999998,0,,9,Warm
321018749,MEDECINS DU MONDE,84 AVENUE DU PRESIDENT WILSON 93210 SAINT-DENIS,93210,SAINT-DENIS,93,41,500-999,88.99B,Q,9220,,,True,False,False,False,True,,12625017.0,0,,9,Warm
845107796,SOLIDARITE ALIMENTAIRE FRANCE,102 C RUE AMELOT 75011 PARIS,75011,PARIS,75,22,100-199,82.11Z,Q,9220,,,True,False,True,False,True,MOREL DAVID DENIS (Administrateur),11078334.0,0,,8,Warm
785661042,ASSOCIATION D'ENTRAIDE VIVRE (AEV),54 AVENUE FRANCOIS VINCENT RASPAIL 94110 ARCUEIL,94110,ARCUEIL,94,31,200-249,70.10Z,Q,9220,,,True,False,True,False,True,,775249.05,0,,8,Warm
422136143,WIMOOV,RDC GAUCHE 6 RUE DE L'ASILE POPINCOURT 75011 PARIS,75011,PARIS,75,31,200-249,96.09Z,S,9220,1968061.0,152864.0,True,False,False,False,True,DEMOURES OLIVIER (Administrateur); MARTY LUC (Commissaire aux comptes suppléant),2225051.5,0,,8,Warm
897584199,A SOLID'R,65 AVENUE JEAN MERMOZ 93120 LA COURNEUVE,93120,LA COURNEUVE,93,21,50-99,88.99B,Q,9220,,,True,False,True,False,True,,970144.0,0,,8,Warm
815158712,INSTITUT NATIONAL DE FORMATION (INF),17-19 17 PLACE DE L'ARGONNE 75019 PARIS,75019,PARIS,75,32,250-499,85.59A,P,8110,,,True,True,False,False,False,,0.0,0,,8,Warm
775682198,OEUVRE DE LA MIE DE PAIN,18 RUE CHARLES FOURIER 75013 PARIS,75013,PARIS,75,31,200-249,87.90B,Q,9220,,,True,False,True,False,True,,7952021.0,0,,8,Warm
784753287,MAISON D'ACCUEIL L'ILOT,153 AVENUE JEAN LOLIVE 93500 PANTIN,93500,PANTIN,93,22,100-199,87.90B,Q,9230,,,True,False,True,False,True,,4865009.36,0,,8,Warm
497673301,LES ENFANTS DU CANAL,5 RUE VESALE 75005 PARIS,75005,PARIS,75,21,50-99,87.90B,Q,9220,,,True,False,True,False,True,,3336877.0,0,,8,Warm
784401879,PREVLINK SANTE AU TRAVAIL,80 RUE DE CLICHY 75009 PARIS,75009,PARIS,75,41,500-999,86.22C,Q,9220,,,True,False,False,False,True,,312381.6,0,,7,Warm
312495096,INSTITUT DE GESTION SOCIALE (IGS),12 RUE ALEXANDRE PARODI 75010 PARIS,75010,PARIS,75,32,250-499,85.32Z,P,9220,,,True,False,False,False,True,,289456.38,0,,7,Warm
775671456,INSTITUT NATIONAL RECHERCHE SECURITE (INRS),65 BOULEVARD RICHARD LENOIR 75011 PARIS,75011,PARIS,75,41,500-999,72.19Z,M,9220,,,True,False,False,False,True,,400057.92,0,,7,Warm
491622668,POSITIV (P+),1 RUE PHILIDOR 75020 PARIS,75020,PARIS,75,21,50-99,88.99B,Q,9220,6530782.0,358682.0,True,False,False,False,True,ATTALI JACQUES JOSE MARDOCHE (Président du conseil d'administration); AZZOUZ BOUCHERA (Administrateur); BELAMRI JIHADE (Administrateur); BOURIMECH YOUNESS (Administrateur); DARROIS JEAN-MICHEL HENRI ADRIEN (Administrateur); DRIOUCHE KARIM (Administrateur); HASSON ELYA JULIE (Administrateur); PÉNICAUD MURIEL FRANCOISE (Administrateur); RAMBICUR JEAN FRANCOIS MARIE (Administrateur); RENNARD MARC FRANCOIS (Administrateur); SANTENAC (WEISS) ISABELLE FRANCOISE SUZANNE (Administrateur),226500.0,0,,7,Warm
311209589,LES JOURS HEUREUX,20 RUE RIBERA 75016 PARIS,75016,PARIS,75,41,500-999,87.20A,Q,9220,,,True,False,False,False,True,,140825.31,0,,7,Warm
775660970,ASS INSERT REINSERT PROF HUMAIN HANDIC (ANRH),17 IMPASSE TRUILLOT 75011 PARIS,75011,PARIS,75,42,1000-1999,88.10C,Q,9230,,,True,False,True,False,True,,84234.37,0,,7,Warm
408457299,ASSOCIATION HOPITAL FOCH,40 RUE WORTH 92150 SURESNES,92150,SURESNES,92,51,2000-4999,86.10Z,Q,9220,,,True,False,False,False,True,,108645.51000000001,0,,7,Warm
775676315,CAP' DEVANT (CAP' DEVANT),41 RUE DURIS 75020 PARIS,75020,PARIS,75,41,500-999,88.99B,Q,9220,,,True,False,True,False,True,,88264.4,0,,7,Warm
351713532,LEO LAGRANGE ANIMATION,150 RUE DES POISSONNIERS 75018 PARIS,75018,PARIS,75,42,1000-1999,82.11Z,S,9220,,,True,False,False,False,True,,437244.06,0,,7,Warm
775724131,APEI BOUCLE DE LA SEINE,1 BOULEVARD CHARLES DE GAULLE 92700 COLOMBES,92700,COLOMBES,92,41,500-999,70.10Z,Q,9230,,,True,False,True,False,True,,20244.24,0,,7,Warm
775726482,LA RESIDENCE SOCIALE,3 AVENUE DE L'EUROPE 92300 LEVALLOIS-PERRET,92300,LEVALLOIS-PERRET,92,41,500-999,87.10B,Q,9220,,,True,False,True,False,True,,45079.47,0,,7,Warm
775729874,LES PAPILLONS BLANCS DE LA COLLINE,155 LES BUREAUX DE LA COLLINE 92210 SAINT-CLOUD,92210,SAINT-CLOUD,92,41,500-999,87.20A,Q,9220,,,True,False,True,False,True,,0.0,0,,7,Warm
490254885,LES INSTITUTIONS SINAI (LIS),2 RUE TRISTAN TZARA 75018 PARIS,75018,PARIS,75,32,250-499,85.59B,P,9220,,,True,False,False,False,True,,387271.6,0,,7,Warm
775693369,ASSOCIATION CHAMPIONNET,14 RUE GEORGETTE AGUTTE 75018 PARIS,75018,PARIS,75,41,500-999,88.99B,Q,9230,,,True,False,True,False,True,,42882.08,0,,7,Warm
775670896,LES AILES DEPLOYEES,31 RUE DE LIEGE 75008 PARIS,75008,PARIS,75,32,250-499,86.10Z,Q,9220,,,True,False,True,False,True,,0.0,0,,7,Warm
775730328,UNAPEI HAUTS-DE-SEINE (UNAPEI 92),119 GRANDE RUE 92310 SEVRES,92310,SEVRES,92,42,1000-1999,87.10B,Q,9220,,,True,False,True,False,True,,5329.77,0,,7,Warm
383247533,ISATIS,18-20 18 RUE PASTEUR 94270 LE KREMLIN-BICETRE,94270,LE KREMLIN-BICETRE,94,41,500-999,87.10A,Q,9220,,,True,False,False,False,True,,111505.12,0,,7,Warm
318393295,SOLIDARITE ET JALONS POUR LE TRAVAIL (S.J.T.),27 RUE DOUY DELCUPE 93100 MONTREUIL,93100,MONTREUIL,93,32,250-499,85.59A,P,9220,,,True,False,False,False,True,,104484.75,0,,7,Warm
785558941,AFASER - FOYERS ET SAJ (AFASER),1 AVENUE MARTHE 94500 CHAMPIGNY-SUR-MARNE,94500,CHAMPIGNY-SUR-MARNE,94,42,1000-1999,88.10C,Q,9220,,,True,False,True,False,True,,53422.560000000005,0,,7,Warm
775728223,ASS INT CTRE MED SOCIAUX REG ILE FRANCE (ACMS),55 RUE ROUGET DE LISLE 92150 SURESNES,92150,SURESNES,92,42,1000-1999,86.21Z,Q,9220,,,True,False,False,False,True,,267348.09,0,,7,Warm
775694573,MAISON MATERNELLE,6 RUE EMILE DUBOIS 75014 PARIS,75014,PARIS,75,32,250-499,87.90A,Q,9220,,,True,False,True,False,True,,0.0,0,,7,Warm
322107798,APAJH PARIS,29 T RUE DU PRE SAINT-GERVAIS 75019 PARIS,75019,PARIS,75,32,250-499,87.20A,Q,9220,,,True,False,True,False,True,,0.0,0,,7,Warm
323649525,ADEF RESIDENCES,19 AU 21 19 RUE BAUDIN 94200 IVRY-SUR-SEINE,94200,IVRY-SUR-SEINE,94,51,2000-4999,87.10A,Q,9220,,,True,False,False,False,True,,316102.99,0,,7,Warm
785534629,A R P E I,2 AVENUE DE BELLEVUE 93220 GAGNY,93220,GAGNY,93,32,250-499,87.10B,Q,9220,,,True,False,True,False,True,,31319.64,0,,7,Warm
401161070,HALAGE,6 RUE ARNOLD GERAUX 93450 L'ILE-SAINT-DENIS,93450,L'ILE-SAINT-DENIS,93,22,100-199,94.99Z,S,9220,,,True,False,True,False,True,,32068.239999999998,2,Chargé.e du suivi des financements IAE/ACI | Stage 4 à 6 mois H/F - Appui à la recherche de financements,7,Hot
494867856,EMMAUS DEFI - FONDATEUR ABBE PIERRE,6 RUE ARCHEREAU 75019 PARIS,75019,PARIS,75,32,250-499,88.10C,Q,9220,,,True,False,True,False,True,,0.0,0,,7,Warm
784414310,ASSOCIATION JEUNESSE LOUBAVITCH,8 RUE LAMARTINE 75009 PARIS,75009,PARIS,75,32,250-499,88.99B,Q,9220,,,True,False,False,False,True,,332363.12,0,,7,Warm
425075983,ECOLE JEANNINE MANUEL (EABJM),70 RUE DU THEATRE 75015 PARIS,75015,PARIS,75,41,500-999,85.31Z,P,9220,,,True,False,False,False,True,,294310.92,0,,7,Warm
785658170,LIGUE DE L'ENSEIGNEMENT DU VAL DE MARNE (LDE94),ESPACE CONDORCET 88 RUE MARCEL BOURDARIAS 94140 ALFORTVILLE,94140,ALFORTVILLE,94,41,500-999,93.29Z,R,9220,,,True,False,False,False,True,,408763.0,0,,7,Warm
775674260,FEDERATION UNIE DES AUBERGES DE JEUNESSE (FUAJ),27 RUE PAJOL 75018 PARIS,75018,PARIS,75,32,250-499,55.20Z,I,9220,,,True,False,False,False,True,,393663.81,0,,7,Warm
784414369,FEDERATION DE PARIS DE LA LIGUE DE L ENSEIGNEMENT,167 BOULEVARD DE LA VILLETTE 75010 PARIS,75010,PARIS,75,32,250-499,88.99B,Q,9220,,,True,False,False,False,True,,321058.0,0,,7,Warm
445043326,GROUP HOSPITA DIACONESSES CROIX ST SIMON,95 RUE DE REUILLY 75012 PARIS,75012,PARIS,75,42,1000-1999,70.10Z,Q,9220,,,True,False,False,False,True,,136331.84,0,,7,Warm
303742480,FEDERATION FRANCAISE FOOTBALL - FFF (FFF),87 BOULEVARD DE GRENELLE 75015 PARIS,75015,PARIS,75,41,500-999,93.19Z,R,9220,,,True,False,False,False,True,,256358.82,0,,7,Warm
775664113,ASS RECHERCHE DEVEL METHODE PROCES INDUS (ARMINES),60 BOULEVARD SAINT-MICHEL 75006 PARIS,75006,PARIS,75,32,250-499,72.19Z,M,9220,,,True,False,False,False,True,,216432.57,0,,7,Warm
399777929,MOBIPOLIS,43 ROUTE DE VAUGIRARD 92190 MEUDON,92190,MEUDON,92,32,250-499,85.59A,P,9220,,,True,False,False,False,True,,272252.29,0,,7,Warm
488411844,BTP RESIDENCES MEDICO SOCIALES,7 RUE DU REGARD 75006 PARIS,75006,PARIS,75,42,1000-1999,86.10Z,Q,9220,,,True,False,False,False,True,,120807.84999999999,0,,7,Warm
775664410,VOIR ENSEMBLE,15 RUE MAYET 75006 PARIS,75006,PARIS,75,41,500-999,88.99B,Q,9220,,,True,False,True,False,True,,3687.85,0,,7,Warm
785668237,ASS MONSIEUR VINCENT,7IEME ETAGE-DIRECTION GENERALE 77 RUE DE REUILLY 75012 PARIS,75012,PARIS,75,42,1000-1999,87.10A,Q,9220,,,True,False,False,False,True,,156890.95,0,,7,Warm
483902920,AFG (AFG),RUE DE LA VISTULE 75013 PARIS,75013,PARIS,75,42,1000-1999,94.99Z,Q,9220,,,True,False,True,False,True,,31795.98,0,,7,Warm
775738073,ASS DEFENSE PROTECTION ENFANCE DEFICIENT (ADPED),1 ALLEE DES FLEURS 94260 FRESNES,94260,FRESNES,94,32,250-499,87.10B,Q,9220,,,True,False,True,False,True,,0.0,0,,7,Warm
775738941,L'ENTRAIDE LE TRAVAIL L'ACCOMPAGNEMENT L'INSERTIONDE LA PERSONNE EN SITUATION DE HANDICAP (ETAI),16 RUE ANATOLE FRANCE 94270 LE KREMLIN-BICETRE,94270,LE KREMLIN-BICETRE,94,41,500-999,88.10C,Q,9220,,,True,False,True,False,True,,52715.43000000001,0,,7,Warm
307222182,ASS DU PAYS DE FRANCE ET DE L'AULNOYE (APFA),013-015 13 CHEMIN DE SAVIGNY 93420 VILLEPINTE,93420,VILLEPINTE,93,32,250-499,87.20A,Q,9220,,,True,False,True,False,True,,0.0,0,,7,Warm
775735574,ASS DE FAMILLES POUR LE DEVELOPPEMENT DE L ACCOMPAGNEMENT ET DE L INCLUSION MEDICO-SOCIALE (A F D A E I M),1 ALLEE DU PARADIS 93240 STAINS,93240,STAINS,93,32,250-499,87.20A,Q,9220,,,True,False,True,False,True,,0.0,0,,7,Warm
439146960,ASSOCIATION LA VOIX DU DEVENIR (LA VOIX DU DEVENIR),RUE MICHEL ANGE 93600 AULNAY-SOUS-BOIS,93600,AULNAY-SOUS-BOIS,93,41,500-999,87.20A,Q,9220,,,True,False,True,False,True,,0.0,0,,7,Warm
775728272,OGEC LA TRINITE,121 AVENUE ACHILLE PERETTI 92200 NEUILLY-SUR-SEINE,92200,NEUILLY-SUR-SEINE,92,22,100-199,85.31Z,P,9220,,,True,False,False,False,True,,607092.35,0,,6,Warm
349508572,SEINE OUEST INSERTION,47 RUE DU GENERAL LECLERC 92130 ISSY-LES-MOULINEAUX,92130,ISSY-LES-MOULINEAUX,92,21,50-99,88.99B,Q,9222,,,True,False,True,False,True,,290482.0,0,,6,Warm
784521163,ENSEMBLE SCOLAIRE EUGENE NAPOLEON SAINT PIERRE FOURIER,13 RUE DE PRAGUE 75012 PARIS,75012,PARIS,75,22,100-199,85.20Z,P,9220,,,True,False,False,False,True,,529810.1599999999,0,,6,Warm
579803354,ASS GESTION DE L'INSTITUT NOTRE DAME DE MEUDON,24 RUE ALEXANDRE GUILMANT 92190 MEUDON,92190,MEUDON,92,31,200-249,85.31Z,P,9220,,,True,False,False,False,True,,756793.97,0,,6,Warm
775663222,LA NOUVELLE ETOILE,3 RUE COCHIN 75005 PARIS,75005,PARIS,75,31,200-249,70.10Z,Q,9220,,,True,False,False,False,True,,3414423.25,0,,6,Warm
775675598,ECLAIREUSES ET ECLAIREURS DE FRANCE (EEDF),12 PLACE GEORGES POMPIDOU 93160 NOISY-LE-GRAND,93160,NOISY-LE-GRAND,93,22,100-199,70.10Z,S,9230,,,True,False,False,False,True,,1743083.0,0,,6,Warm
403931132,ASS FRANCAISE DE MEDECINE DE PREVENTION (AFMP),36 RUE LAFFITTE 75009 PARIS,75009,PARIS,75,21,50-99,86.22C,Q,9220,,,True,False,False,False,True,,2722443.9299999997,0,,6,Warm
325910412,AUX CAPTIFS LA LIBERATION (ACLL),33 AVENUE PARMENTIER 75011 PARIS,75011,PARIS,75,21,50-99,88.99B,Q,9220,,,True,False,False,False,True,,1944511.35,0,,6,Warm
775675655,UNION NATIONALE DU SPORT SCOLAIRE (UNSS),UNION NATIONALE DU SPORT SCOLAIRE 13 RUE SAINT-LAZARE 75009 PARIS,75009,PARIS,75,22,100-199,93.12Z,R,9220,,,True,False,False,False,True,,5021634.0600000005,0,,6,Warm
775682024,SCOUTS ET GUIDES DE FRANCE,21-37-BAT D 2E ETAGE 21 RUE DE STALINGRAD 94110 ARCUEIL,94110,ARCUEIL,94,22,100-199,93.29Z,R,9220,,,True,False,False,False,True,,698243.1,0,,6,Warm
775689078,OFFICE CENTRAL DE COOPERATION A L ECOLE (OCCE),101 B RUE DU RANELAGH 75016 PARIS,75016,PARIS,75,22,100-199,94.99Z,S,9230,,,True,False,False,False,True,,4179031.0,0,,6,Warm
775659501,NATIONALE DE READAPTATION SOCIALE (ANRS),18 AVENUE VICTORIA 75001 PARIS,75001,PARIS,75,22,100-199,88.99B,Q,9220,,,True,False,False,False,True,,2221001.63,0,,6,Warm
775719792,LA PREVENTION ROUTIERE,33 RUE DE MOGADOR 75009 PARIS,75009,PARIS,75,22,100-199,94.99Z,S,9230,,,True,False,False,False,True,,617792.24,0,,6,Warm
414912725,ASTREDHOR - INSTITUT DES PROFESSIONNELS DU VEGETAL (ASTREDHOR),CENTRE ALESIA 44 RUE D'ALESIA 75014 PARIS,75014,PARIS,75,21,50-99,94.99Z,S,9220,,,True,False,False,False,True,,1086412.43,0,,6,Warm
785424532,ASS GEST STE FOY INSTIT ST DOMINIQUE,28 AVENUE SAINTE-FOY 92200 NEUILLY-SUR-SEINE,92200,NEUILLY-SUR-SEINE,92,31,200-249,85.20Z,P,9220,,,True,False,False,False,True,,856129.83,0,,6,Warm
325347045,FEDERATION NATIONALE SOLIDARITE FEMMES,[NON-DIFFUSIBLE],[NON-DIFFUSIBLE],PANTIN,93,21,50-99,88.99B,Q,9220,,,True,False,False,False,True,,4845352.0,0,,6,Warm
784179665,LA COOPERATION AGRICOLE (LCA),43 RUE SEDAINE 75011 PARIS,75011,PARIS,75,22,100-199,94.11Z,S,9220,,,True,False,False,False,True,,2146975.22,0,,6,Warm
784756413,INSTITUT DE SOUDURE (IS),BATIMENT RENAN 45 RUE DES 3 SOEURS 93420 VILLEPINTE,93420,VILLEPINTE,93,21,50-99,71.12B,M,9220,,,True,False,False,False,True,,741141.42,0,,6,Warm
785346289,ORGANISME GESTION ECOLE JEANNE D'ARC,9 BOULEVARD DE VALMY 92700 COLOMBES,92700,COLOMBES,92,31,200-249,85.31Z,P,9220,,,True,False,False,False,True,,798533.44,0,,6,Warm
784228090,SECOURS POPULAIRE FRANCAIS,9 RUE FROISSART 75003 PARIS,75003,PARIS,75,22,100-199,88.99B,Q,9220,,,True,False,False,False,True,,8190409.0,0,,6,Warm
443349220,LES REPUBLICAINS (UMP),4 PLACE DU PALAIS BOURBON 75007 PARIS,75007,PARIS,75,21,50-99,94.92Z,S,9220,,,True,False,False,False,True,,9761094.96,0,,6,Warm
784280745,ASSOCIATION ISEP-EDOUARD BRANLY (ISEP),28 RUE NOTRE-DAME DES CHAMPS 75006 PARIS,75006,PARIS,75,22,100-199,85.42Z,P,9220,,,True,False,False,False,True,,864800.0,0,,6,Warm
383550498,ASS TUTELAIRE FEDERAT PROTESTANTE OEUVRE (ATFPO),40 RUE DE LA PLAINE 75020 PARIS,75020,PARIS,75,21,50-99,69.10Z,M,9220,,,True,False,False,False,True,,4287034.08,0,,6,Warm
308126978,ASSOCIATION ECOLE MASSILLON,2 B QUAI DES CELESTINS 75004 PARIS,75004,PARIS,75,22,100-199,85.31Z,P,9220,,,True,False,False,False,True,,517604.76,0,,6,Warm
408560209,ANIMA'FAC,3 RUE RECAMIER 75007 PARIS 07,75007,PARIS 07,75,21,50-99,94.99Z,S,9220,,,True,False,False,False,True,,741902.0,0,,6,Warm
311349138,GROUPE ESIEA (ESIEA),9 RUE VESALE 75005 PARIS,75005,PARIS,75,31,200-249,85.42Z,P,9220,,,True,False,False,False,True,,1247788.75,0,,6,Warm
441393675,PETITS FRERES PAUVRES ASS GESTI ETABLISS (PFP-AGE),19 CITE VOLTAIRE 75011 PARIS,75011,PARIS,75,31,200-249,87.10A,Q,9220,,,True,False,False,False,True,,2311730.2399999998,0,,6,Warm
305080178,ACTION SOCIALE FINANCES VACANCES (ASF VACANCES),3 RUE FRANKLIN 93100 MONTREUIL,93100,MONTREUIL,93,21,50-99,55.20Z,I,9220,,,True,False,False,False,True,,20054592.75,0,,6,Warm
313905689,ORCHESTRE DE CHAMBRE DE PARIS (EOP),221 AVENUE JEAN JAURES 75019 PARIS,75019,PARIS,75,21,50-99,90.01Z,R,9220,,,True,False,False,False,True,,723480.0,0,,6,Warm
775694615,CLAIRE AMITIE FRANCE,59 RUE DE L'OURCQ 75019 PARIS,75019,PARIS,75,22,100-199,87.90B,Q,9220,,,True,False,False,False,True,,4845588.9399999995,0,,6,Warm
775663966,ASS INSTITUT SAINTE GENEVIEVE,64 RUE D'ASSAS 75006 PARIS,75006,PARIS,75,22,100-199,85.20Z,P,9220,,,True,False,False,False,True,,505548.62,0,,6,Warm
784280851,ECOLE ALSACIENNE,109 RUE NOTRE-DAME DES CHAMPS 75006 PARIS,75006,PARIS,75,31,200-249,85.31Z,P,9220,,,True,False,False,False,True,,612136.07,0,,6,Warm
784713661,OGEC BATIGNOLLES EPINETTES,35 AVENUE DE SAINT-OUEN 75017 PARIS,75017,PARIS,75,22,100-199,85.31Z,P,9220,,,True,False,False,False,True,,590837.88,0,,6,Warm
488960527,CITHEA FAMILLE ET PROFESSIONNEL - CENTRE D'INTERVENTION THERAPEUTIQUE ET D'ACCOMPAGNEMENT (CITHEA),43 RUE DE CHARENTON 75012 PARIS,75012,PARIS,75,21,50-99,86.90F,Q,9220,,,True,False,False,False,True,,636688.76,0,,6,Warm
314328691,FEDERATION FR DU SPORT UNIVERSITAIRE (FF SPORT U),108 AVENUE DE FONTAINEBLEAU 94270 LE KREMLIN-BICETRE,94270,LE KREMLIN-BICETRE,94,21,50-99,93.12Z,R,9220,,,True,False,False,False,True,,5272880.0,0,,6,Warm
784405870,FEDERATION LEO LAGRANGE (FLL),150 RUE DES POISSONNIERS 75018 PARIS,75018,PARIS,75,21,50-99,94.99Z,S,9220,,,True,False,False,False,True,BLEIN YVES JEAN (Autre); BORD CORINNE SYLVIE (Administrateur); BOUTIFLAT DYLAN PIERRE MARCEL (Administrateur); BRANCO REMI FRANCOIS MAURICE (Administrateur); JOUAN (CAZALÈRE) PIERRETTE HENRIETTE (Administrateur); COUSTAL (COUMES) MARTINE (Administrateur); CRAUSTE HERVE VICTOR JEAN (Autre); BOUVIER (DANTON) FRANCOISE ANDREE LOUISE (Administrateur); DJONGOUE MONKAM MARIE-ROSE (Administrateur); FAUVET FREDERIC JEAN LUC PIERRE (Administrateur); GIRAUD PHILIPPE ROGER (Administrateur); HACID KATHYA (Autre); HAMMADI RAZZY (Administrateur); HEINTZ (HEINTZ) GEORGES GEOFFROY HENRI EUGENE (Autre); HINDERMEYER OLIVIER JEAN (Administrateur); LAGAE MARC EDMOND (Administrateur); LE MARÉCHAL MARIE-MORGANE (Administrateur); LE ROUX BRUNO JEAN-LUC (Administrateur); LESTIEN (MAUDUIT) FRANCOISE ROLANDE LOUISE (Administrateur); MEADEL JULIETTE LAURE JEANNE (Administrateur); OLIVE FREDERIC PHILIPPE (Administrateur); PAIZANOU ARETI (Administrateur); PERRIN FLORENCE JANINE JACQUELINE (Administrateur); PIOT ISABELLE MARIE MAURICETTE (Administrateur); RECCHIA CELINE MONIQUE (Administrateur); SIBAILLY ARSENE (Administrateur); SILVANT ERIC OLIVIER JEROME (Administrateur); SÉGUÉLA VINCENT (Autre),1115076.0,0,,6,Warm
339863417,LES RESTAURANTS DU COEUR,42 RUE DE CLICHY 75009 PARIS,75009,PARIS,75,22,100-199,88.99B,Q,9230,,,True,False,False,False,True,,20733458.04,0,,6,Warm
775664634,CTRE ENTRAINEM METHODE EDUCATION ACTIVE (CEMEA),24 RUE MARC SEGUIN 75018 PARIS,75018,PARIS,75,21,50-99,94.99Z,P,9220,,,True,False,False,False,True,,5261582.899999999,0,,6,Warm
785319187,OGEC INSTITUT SAINT THOMAS DE VILLENEUVE,1646 AVENUE ROGER SALENGRO 92370 CHAVILLE,92370,CHAVILLE,92,22,100-199,85.31Z,P,9220,,,True,False,False,False,True,,538422.61,0,,6,Warm
348435108,MUSEE D ART ET D HISTOIRE DU JUDAISME,HOTEL ST AIGNAN 71 RUE DU TEMPLE 75003 PARIS,75003,PARIS,75,21,50-99,91.02Z,R,9220,,,True,False,False,False,True,,2279464.0,0,,6,Warm
411907819,ASSOCIATION COUP DE MAIN,31 AVENUE EDOUARD VAILLANT 93500 PANTIN,93500,PANTIN,93,22,100-199,47.79Z,Q,9220,,,True,False,True,False,True,,272986.0,0,,6,Warm
785313743,ASSOCIATION GROUPE SCOLAIRE BARAT,50 RUE DES GRILLONS 92290 CHATENAY-MALABRY,92290,CHATENAY-MALABRY,92,22,100-199,85.31Z,P,9220,,,True,False,False,False,True,,809892.0,0,,6,Warm
785283045,INSTITUTION SAINTE GENEVIEVE,48 AVENUE DE LA MARNE 92600 ASNIERES-SUR-SEINE,92600,ASNIERES-SUR-SEINE,92,22,100-199,85.59B,P,9220,,,True,False,False,False,True,,684915.59,0,,6,Warm
784662116,ASSOCIATION ECOLE GERSON,31 RUE DE LA POMPE 75016 PARIS,75016,PARIS,75,22,100-199,85.20Z,P,9220,,,True,False,False,False,True,,504860.6,0,,6,Warm
320734288,ASSOCIATION POLITIQUE CRIMINELLE APPLIQUEE ET REINSERTION SOCIALE (APCARS),16 RUE DE CHATEAUDUN 75009 PARIS,75009,PARIS,75,22,100-199,88.99B,Q,9220,,,True,False,False,False,True,,10901088.809999999,0,,6,Warm
775663149,MOUVEMENT ATD QUART MONDE,63 RUE BEAUMARCHAIS 93100 MONTREUIL,93100,MONTREUIL,93,22,100-199,88.99B,Q,9220,,,True,False,False,False,True,,902302.26,0,,6,Warm
784286007,OEUVRE D'ORIENT,20 RUE DU REGARD 75006 PARIS,75006,PARIS,75,21,50-99,88.99B,Q,9220,,,True,False,False,False,True,,891820.0,0,,6,Warm
397879487,COMITE FRANCAIS D ACCREDITATION (COFRAC),52 RUE JACQUES HILLAIRET 75012 PARIS,75012,PARIS,75,22,100-199,94.99Z,S,9220,,,True,False,False,False,True,,1004879.07,0,,6,Warm
334822806,ASS GESTION LTP ST NICOLAS,92 RUE DE VAUGIRARD 75006 PARIS,75006,PARIS,75,22,100-199,85.31Z,P,9220,,,True,False,False,False,True,,748176.89,0,,6,Warm
323857219,ASSOCIATION D'ACTION SOCIALE EN FAVEUR DES PERSONNELS DE LA VILLE DE PARIS ET DU DEPARTEMENT DE PARIS (ASPP),21 RUE D'UZES 75002 PARIS,75002,PARIS,75,31,200-249,56.29B,I,9220,,,True,False,False,False,True,,531119.61,0,,6,Warm
323299883,ASS FORMA AIDE REINSERT (FAIRE),48 RUE DE L'AMIRAL MOUCHEZ 75014 PARIS,75014,PARIS,75,21,50-99,88.99B,Q,9220,,,True,False,False,False,True,,1682573.75,0,,6,Warm
509963377,RESEAU MOM'ARTRE,204 RUE DE CRIMEE 75019 PARIS,75019,PARIS,75,22,100-199,94.99Z,S,9220,,,True,False,False,False,True,,643483.0,0,,6,Warm
775666597,CIMADE - SERVICE OECUMENIQUE D'ENTRAIDE,91 RUE OBERKAMPF 75011 PARIS,75011,PARIS,75,22,100-199,88.99B,Q,9220,,,True,False,False,False,True,,5498173.15,0,,6,Warm
572195683,OGEC NOTRE DAME DES OISEAUX NDO (NDO),12 RUE MICHEL-ANGE 75016 PARIS,75016,PARIS,75,22,100-199,85.31Z,P,9220,,,True,False,False,False,True,,548116.88,0,,6,Warm
784354276,COMIT NAT OLYMPIQ SPORTIF FRAN (CNOSF),1 AVENUE PIERRE DE COUBERTIN 75013 PARIS,75013,PARIS,75,22,100-199,93.12Z,R,9220,,,True,False,False,False,True,,9789230.069999998,0,,6,Warm
792455156,LA CRAVATE SOLIDAIRE,29 BOULEVARD BOURDON 75004 PARIS,75004,PARIS,75,21,50-99,88.99B,Q,9220,,,True,False,False,False,True,AUDRY LAURA (Administrateur); BESNARD YVAN (Administrateur); CHECHAN NICOLAS (Administrateur); DURAND-RENIER (DURAND) JULIEN (Administrateur); LEFORT ISABELLE (Administrateur); LERMECHIN PASCAL (Administrateur); MICHAUX THIERRY (Administrateur); SAMMUT (OLIVA) JOSIANE (Administrateur); PLANQUE-GODON APOLLINE (Administrateur); ROBIGAULT GUILLAUME (Administrateur); STRUBEL JACQUES-HENRI (Autre); VAESEN CECILE (Administrateur); VANNEROY COLINE (Administrateur); VIVOT DAVID-EMMANUEL (Administrateur),1305603.5,0,,6,Warm
775680127,CENTRE PEDAGOGIQ EDUC C PEGUY,54 AVENUE DE LA REPUBLIQUE 75011 PARIS,75011,PARIS,75,22,100-199,85.31Z,P,9220,,,True,False,False,False,True,,546977.05,0,,6,Warm
320102189,ASS OGEC PAUL CLAUDEL D'HULST,118 RUE DE GRENELLE 75007 PARIS,75007,PARIS,75,22,100-199,85.31Z,P,9220,,,True,False,False,False,True,,514991.27,0,,6,Warm
316465236,ASS GESTION RESEAU MESUR POLLUT ATMOSPH (AIRPARIF),7 RUE CRILLON 75004 PARIS,75004,PARIS,75,21,50-99,71.20B,M,9220,,,True,False,False,False,True,,2644661.06,0,,6,Warm
775657687,ATSCAF FEDERALE,41 BOULEVARD VINCENT AURIOL 75013 PARIS,75013,PARIS,75,22,100-199,94.99Z,S,9220,,,True,False,False,False,True,,4654674.0,0,,6,Warm
349889154,OXFAM FRANCE AGIR ICI,62 B AVENUE PARMENTIER 75011 PARIS,75011,PARIS,75,21,50-99,94.99Z,S,9220,,,True,False,False,False,True,,1024000.0,0,,6,Warm
399241090,ASSOCIATION ESPACES,855 AVENUE ROGER SALENGRO 92370 CHAVILLE,92370,CHAVILLE,92,31,200-249,94.99Z,S,9220,,,True,False,True,False,True,,387479.32,0,,6,Warm
400840476,BASILIADE,6 RUE DU CHEMIN VERT 75011 PARIS,75011,PARIS,75,22,100-199,87.90B,Q,9220,,,True,False,False,False,True,ARTHAUD DIDIER (None); BARBIER CHRISTINE (Administrateur); BONLIEU NICOLAS (Administrateur); CANNASSE SERGE (Administrateur); DELBREIL YVAN (Administrateur); HUMBERT PASCAL (Administrateur); JENTES SARA (Administrateur); KERHEL MAGALI (Administrateur); MIDOL-MONNET LUC (Autre); GIBAUX (NGUEMNIN) BERNADETTE (Administrateur); SEGRE (PIOT) MARIE-MADELEINE (Administrateur); QUENET MAURICE (Administrateur); CROFTS (RENOUARD-LARIVIÈRE) DOMINIQUE (Administrateur); ROULON SAMUEL (Administrateur),5340541.32,0,,6,Warm
784308926,INSTIT FRANC RELATIONS INTERNATIONALES (IFRI),27 RUE DE LA PROCESSION 75015 PARIS,75015,PARIS,75,21,50-99,72.20Z,M,9300,,,True,False,False,False,True,,2109521.09,0,,6,Warm
450374699,PROXITE,MAISON DES ASSOCIATIONS 19 RUE DE LA BOULANGERIE 93200 SAINT-DENIS,93200,SAINT-DENIS,93,21,50-99,94.99Z,S,9220,,,True,False,False,False,True,,1045305.0,0,,6,Warm
784544462,OGEC ASS GPE SCOLAIRE ST VINCENT DE PAUL (GSSVP),49 RUE BOBILLOT 75013 PARIS,75013,PARIS,75,31,200-249,85.20Z,P,9220,,,True,False,False,False,True,,739602.44,0,,6,Warm
417734092,INSERTION FORMATION EDUCATION PREVENTION,53 RUE DU REVEREND PERE C GILBERT 92600 ASNIERES-SUR-SEINE,92600,ASNIERES-SUR-SEINE,92,22,100-199,85.59B,Q,9220,,,True,False,False,False,True,,2089643.12,0,,6,Warm
499622017,BIBLIOTHEQUES SANS FRONTIERES,CHEZ MR WEIL PATRICK 60 RUE MAZARINE 75006 PARIS,75006,PARIS,75,21,50-99,94.99Z,S,9220,,,True,False,False,False,True,AZAM ZANGANEH LILA (Administrateur); BASSUET OLIVIER (Vice-Président); BRACHET VERONIQUE (Vice-Président); BRISAC GENEVIEVE (Vice-Président); BURKE KATIE (Administrateur); CHANG ALLISTER (Administrateur); CHARBONNEAU GHISLAINE (Autre); CONNAN CHRISTIAN (Administrateur); CRAMER MARK (Administrateur); DE BROUWER JEAN-LOUIS (Administrateur); DE GEOUFFRE DE LA PRADELLE DE LEYRAT FLORENCE (Administrateur); DELALANDE ARNAUD (Administrateur); GAINON OLIVIER (Administrateur); ISTEL YVES-ANDRE (Administrateur); JOZSEF ERIC (Administrateur); LAGUMINA SANDRINE (Administrateur); MAREMBERT THIERRY (Administrateur); FLEMING (MELVIN) MARY MCKNIGHT (Administrateur); MERCIER SILVERE (Administrateur); OUBECHOU JEAN MEL (Administrateur); REGENT FREDERIC (Administrateur); RIVIERE CONSTANCE (Administrateur); SAHLINS PETER (Administrateur); SANA SOKI ELME EROS (Administrateur); SCHWAB ARIELLE (Administrateur); SERIGNAC JULIEN (Autre); SORAVITO ANNA (Administrateur); SOUFRON JEAN-BAPTISTE (Administrateur); WEIL PATRICK (Autre),3503049.77,0,,6,Warm
784281008,L E T CARCADO SAISSEVAL,121 BOULEVARD RASPAIL 75006 PARIS,75006,PARIS,75,22,100-199,85.32Z,P,9220,,,True,False,False,False,True,,568652.79,0,,6,Warm
784412041,UNION DEPARTEMENTALE ASS FAMILIAL PARIS (UDAF DE PARIS),28 PLACE SAINT-GEORGES 75009 PARIS,75009,PARIS,75,22,100-199,84.12Z,Q,9220,,,True,False,False,False,True,,2693751.88,0,,6,Warm
339155681,INSTITUT TECHNIQUE DE L'AVICULTURE DE LA CUNICULTURE ET DE LA PISCICULTURE - ITAVI (ITAVI),7 RUE DU FAUBOURG POISSONNIERE 75009 PARIS,75009,PARIS,75,21,50-99,72.19Z,M,9220,,,True,False,False,False,True,,1986551.48,0,,6,Warm
775681323,IFIP-INSTITUT DU PORC,5 RUE LESPAGNOL 75020 PARIS,75020,PARIS,75,21,50-99,72.19Z,M,9220,,,True,False,False,False,True,,4467772.88,0,,6,Warm
333452985,INSTITUT FRANCAIS DE LA MODE,36 QUAI D'AUSTERLITZ 75013 PARIS,75013,PARIS,75,31,200-249,85.42Z,P,9220,,,True,False,False,False,True,,2445770.0,0,,6,Warm
323658252,LES FRANCS BOURGEOIS-LA SALLE,21 RUE SAINT-ANTOINE 75004 PARIS,75004,PARIS,75,31,200-249,85.20Z,P,9220,,,True,False,False,False,True,,936608.74,0,,6,Warm
313270233,ASS ENTRAIDE PERSONNEL MINISTER EDUC NAT,110 RUE DE GRENELLE 75007 PARIS,75007,PARIS,75,21,50-99,56.29A,I,9220,,,True,False,False,False,True,,2636621.2,0,,6,Warm
326982337,LE COMEDE COMITE POUR LA SANTE DES EXILES (COMEDE),78 RUE DU GENERAL LECLERC 94270 LE KREMLIN-BICETRE,94270,LE KREMLIN-BICETRE,94,21,50-99,86.21Z,Q,9220,,,True,False,False,False,True,,2688017.27,0,,6,Warm
499381812,ARTICLE 1,29 BOULEVARD BOURDON 75004 PARIS,75004,PARIS,75,31,200-249,94.99Z,S,9220,,,True,False,False,False,True,ABDALA MWANDBA OLGA (Administrateur); BLAVIER BENJAMIN (Autre); DE BERTIER ARNAUD (Administrateur); WALBAUM (DÈQUE) JULIE (Administrateur); ELATFANI NAJOUA (Administrateur); VIDAL (GELINET) ISABELLE FLORENCE MICHELE (Administrateur); GUIDÉE RENAUD-FRANCOIS (Administrateur); JANAILLAC JEAN-MARC (Administrateur); FAUJOUR (LE BON) SOPHIE (Administrateur); MANAR ACHRAF (Administrateur); WALBAUM BORIS (Autre),8559434.81,0,,6,Warm
341820777,CENTRE REGIONAL DE FORMATION MULTIPROFESSIONNEL (CERFAL),2 RUE LACAZE 75014 PARIS,75014,PARIS,75,21,50-99,85.59A,P,9220,,,True,False,False,False,True,,776874.95,0,,6,Warm
398613083,SOLIDARITE SIDA,16 B AVENUE PARMENTIER 75011 PARIS,75011,PARIS,75,21,50-99,94.99Z,S,9220,,,True,False,False,False,True,,501710.4,0,,6,Warm
784855553,FONDAT NATION ENSEIGNEM ENTREP,2 AVENUE HOCHE 75008 PARIS,75008,PARIS,75,22,100-199,94.11Z,S,9220,,,True,False,False,False,True,,839200.0,0,,6,Warm
785772641,OGEC TEILHARD DE CHARDIN,2 PL D ARMES 94100 ST MAUR DES FOSSES,94100,ST MAUR DES FOSSES,94,22,100-199,85.31Z,P,9220,,,True,False,False,False,True,,706583.9500000001,0,,6,Warm
840474084,ORGANISME DE GESTION DE L ENSEIGNEMENT CATHOLIQUE (OGEC SAINT MICHEL),10 T RUE JEANNE D'ARC 94160 SAINT-MANDE,94160,SAINT-MANDE,94,21,50-99,94.99Z,S,9220,,,True,False,False,False,True,,528923.9,0,,6,Warm
332335702,AUVM (AUVM),4 RUE DU DOCTEUR CALMETTE 94310 ORLY,94310,ORLY,94,22,100-199,87.90B,Q,9220,,,True,False,False,False,True,,7808761.41,0,,6,Warm
314646993,OGEC CHARENTON (OGEC),4 RUE DU PRESIDENT KENNEDY 94220 CHARENTON-LE-PONT,94220,CHARENTON-LE-PONT,94,22,100-199,85.31Z,P,9220,,,True,False,False,False,True,,616439.8,0,,6,Warm
784263501,FORMIRIS,35 RUE VAUGELAS 75015 PARIS,75015,PARIS,75,22,100-199,94.99Z,S,9220,,,True,False,False,False,True,,53525456.95,0,,6,Warm
785699067,UNION DEPARTEM ASSOCIATI FAMIL VAL MARNE,4 A BOULEVARD DE LA GARE 94470 BOISSY-SAINT-LEGER,94470,BOISSY-SAINT-LEGER,94,21,50-99,94.99Z,S,9220,,,True,False,False,False,True,,3336823.71,0,,6,Warm
304135783,OGEC MONTALEMBERT,28 BOULEVARD GAMBETTA 94130 NOGENT-SUR-MARNE,94130,NOGENT-SUR-MARNE,94,22,100-199,85.31Z,P,9220,,,True,False,False,False,True,,509126.42000000004,0,,6,Warm
542031059,ECOLE ALBERT DE MUN (OGEC),5 AVENUE GEORGES CLEMENCEAU 94130 NOGENT-SUR-MARNE,94130,NOGENT-SUR-MARNE,94,31,200-249,85.31Z,P,9220,332787.0,-96726.0,True,False,False,False,True,BORREY ANDRE (Administrateur); LE BIDEAU JEAN MICHEL (Président du conseil d'administration et directeur général); PELLE PIERRE (Administrateur),747894.53,0,,6,Warm
785807504,AEP INSTITUTION ND PROVIDENCE,41 RUE DE FONTENAY 94300 VINCENNES,94300,VINCENNES,94,22,100-199,85.31Z,P,9220,,,True,False,False,False,True,,500416.65,0,,6,Warm
785693607,OGEC SAINT ANDRE,12 AVENUE LEON GOURDAULT 94600 CHOISY-LE-ROI,94600,CHOISY-LE-ROI,94,21,50-99,85.31Z,P,9220,,,True,False,False,False,True,,557977.26,0,,6,Warm
785778440,O G E C PETIT VAL,12 AVENUE ALBERT PLEUVRY 94370 SUCY-EN-BRIE,94370,SUCY-EN-BRIE,94,22,100-199,85.31Z,P,9220,,,True,False,False,False,True,,596250.0,0,,6,Warm
785740598,ORGANISME DE GESTION D'ENSEIGNEMENT CATHOLIQUE SAINTE MARIE (OGEC SAINTE MARIE),6 RUE DE L'EGLISE 94340 JOINVILLE-LE-PONT,94340,JOINVILLE-LE-PONT,94,22,100-199,85.32Z,P,9220,,,True,False,False,False,True,,602537.8099999999,0,,6,Warm
492712203,GEIQ IDF,BAT A - 3EME ETAGE 175 BOULEVARD ANATOLE FRANCE 93200 SAINT-DENIS,93200,SAINT-DENIS,93,22,100-199,78.30Z,N,9220,,,True,False,True,False,True,,161617.5,0,,6,Warm
784263303,FRANCE NATURE ENVIRONNEMENT (FNE),2 RUE DE LA CLOTURE 75019 PARIS,75019,PARIS,75,21,50-99,94.99Z,S,9220,,,True,False,False,False,True,,1332197.94,0,,6,Warm
330803123,ESPERANCE HAUTS DE SEINE SIEGE (EHS SIEGE),BAT A 1 RUE DE L'EGALITE 92220 BAGNEUX,92220,BAGNEUX,92,22,100-199,88.99B,Q,9220,,,True,False,True,False,True,,267849.65,0,,6,Warm
784280836,ISIT INSTITUT DE MANAGEMENT ET DE COMMUNICATION INTERCULTURELS,39 B RUE D'ASSAS 75006 PARIS,75006,PARIS,75,21,50-99,85.59B,P,9220,,,True,False,False,False,True,,506800.01,0,,6,Warm
784314072,ALFI ASSO LOGEM FAMILL ISOLES,59 RUE DE PROVENCE 75009 PARIS,75009,PARIS,75,21,50-99,55.90Z,I,9220,,,True,False,False,False,True,,2196630.45,0,,6,Warm
492330683,NQT,34 T BOULEVARD ORNANO 93200 SAINT-DENIS,93200,SAINT-DENIS,93,21,50-99,88.99B,Q,9220,,,True,False,False,False,True,,5256410.0,0,,6,Warm
785638172,UNION DEPARTEMENTALE ASSOCIAT FAM ST DEN (UDAF),16 RUE HECTOR BERLIOZ 93000 BOBIGNY,93000,BOBIGNY,93,22,100-199,94.99Z,S,9220,,,True,False,False,False,True,,6291943.6,0,,6,Warm
399888684,SFM ACCUEIL ET DEVELOPPEMENT,7 RUE ALPHONSE DE LAMARTINE 93240 STAINS,93240,STAINS,93,22,100-199,94.99Z,S,9220,,,True,False,True,False,True,,440214.18,0,,6,Warm
353556319,ALTERALIA,51 RUE DE LA COMMUNE DE PARIS 93300 AUBERVILLIERS,93300,AUBERVILLIERS,93,21,50-99,55.90Z,I,9220,,,True,False,False,False,True,,26531032.0,0,,6,Warm
301292256,MAISON CULTURE SAINT DENIS,9 BOULEVARD LENINE 93000 BOBIGNY,93000,BOBIGNY,93,21,50-99,90.01Z,R,9220,,,True,False,False,False,True,,2435686.0,0,,6,Warm
849810155,INSTITUT D'AMENAGEMENT ET D'URBANISME DE LA REGION ILE-DE-FRANCE,47 BOULEVARD ORNANO 93200 SAINT-DENIS,93200,SAINT-DENIS,93,31,200-249,71.11Z,M,9220,,,True,False,False,False,True,,1180963.5,0,,6,Warm
592002299,OGEC ROCROY SAINT VINCENT DE PAUL,106 RUE DU FAUBOURG POISSONNIERE 75010 PARIS,75010,PARIS,75,22,100-199,85.31Z,P,9220,,,True,False,False,False,True,,663452.9299999999,0,,6,Warm
420041261,LES RESTAURANTS DU COEUR,ZI DES PETITS PONTS 1 AVENUE GEORGES CLEMENCEAU 93420 VILLEPINTE,93420,VILLEPINTE,93,21,50-99,88.99B,Q,9220,,,True,False,True,False,True,,207000.0,0,,6,Warm
785476060,ASSOCIATION LA MAIN TENDUE,10 RUE DES CITES 93300 AUBERVILLIERS,93300,AUBERVILLIERS,93,22,100-199,87.90B,Q,9220,,,True,False,False,False,True,,10468193.0,0,,6,Warm
785589060,OGEC SAINT JOSEPH LA SALLE PANTIN,12 AVENUE DU 8 MAI 1945 93500 PANTIN,93500,PANTIN,93,22,100-199,85.31Z,P,9220,,,True,False,False,False,True,,606194.19,0,,6,Warm
399818418,LA CHAINE DE L'ESPOIR,56 RUE DES MORILLONS 75015 PARIS,75015,PARIS,75,22,100-199,94.99Z,S,9220,,,True,False,False,False,True,,16050322.0,0,,6,Warm
398895870,ASS HABITAT ET HUMANISME ILE DE FRANCE,IMMEUBLE PALATIN II 3 COURS DU TRIANGLE 92800 PUTEAUX,92800,PUTEAUX,92,21,50-99,55.10Z,Q,9220,,,True,False,False,False,True,,1567502.21,0,,6,Warm
391961513,ERDA EDUCATION RECHERCHE DEVELOPPEMENT ARTISTIQUE (ERDA),23 RUE D'ANJOU 75008 PARIS,75008,PARIS,75,21,50-99,90.01Z,R,9220,,,True,False,False,False,True,,832336.0,0,,6,Warm
784259319,ASS ECOLE YABNE,29 A 41 29 AVENUE LEON BOLLEE 75013 PARIS,75013,PARIS,75,22,100-199,85.31Z,P,9220,,,True,False,False,False,True,,520472.24,0,,6,Warm
339933830,OGEC F. CABRINI,20 RUE DU DOCTEUR SUREAU 93160 NOISY-LE-GRAND,93160,NOISY-LE-GRAND,93,31,200-249,85.31Z,P,9220,,,True,False,False,False,True,,999825.01,0,,6,Warm
784308579,ASS LTP ALBERT DE MUN,2 RUE D'OLIVET 75007 PARIS,75007,PARIS,75,31,200-249,85.32Z,P,9220,,,True,False,False,False,True,,766701.89,0,,6,Warm
335259925,ORGANISAT GESTION ECOLE CATHOL ESPERANCE (OGECE),35 AVENUE ANATOLE FRANCE 93600 AULNAY-SOUS-BOIS,93600,AULNAY-SOUS-BOIS,93,22,100-199,85.31Z,P,9220,,,True,False,False,False,True,,781800.9700000001,0,,6,Warm
775660053,UNION FRANCAISE SAUVETAGE ENFANCE (UFSE),174 QUAI DE JEMMAPES 75010 PARIS,75010,PARIS,75,31,200-249,88.99B,Q,9220,,,True,False,False,False,True,ALLÈGRE HERVE MAURICE GEORGES (Administrateur); SIMON (ANDRIER ) ANNE GEORGETTE MARIE (Administrateur); COSSE JEROME MARIE JEAN (Administrateur); DE BRAQUILANGES MARTIAL MARIE PIERRE (Autre); JOSSE HERVE FRANCOIS MARIE (Administrateur); LAFOURCADE MAGALI ANNICK (Administrateur); MEHU (LE BORGNE ) PASCALE LUCIENNE (Administrateur); MAUPAS-OUDINOT MARC MARIE DENIS (Administrateur); SZTABHOLZ DAVID ALBERT (Administrateur),1287343.19,0,,6,Warm
784662157,ASS INSTITUT DE LA TOUR,86 RUE DE LA TOUR 75016 PARIS,75016,PARIS,75,22,100-199,85.31Z,P,9220,,,True,False,False,False,True,,521493.48,0,,6,Warm
785620972,ORGANISME GESTION ETS J.B.DE LA SALLE,6 PLACE DE LA RESISTANCE 93200 SAINT-DENIS,93200,SAINT-DENIS,93,31,200-249,85.59B,P,9220,,,True,False,False,False,True,,1313410.46,0,,6,Warm
328413042,ASSOCIATION GESTION ETS ASSOMPTION BONDY (AIFA),12 AVENUE DE VERDUN 93140 BONDY,93140,BONDY,93,22,100-199,85.32Z,P,9220,,,True,False,False,False,True,,631644.54,0,,6,Warm
308302595,ASSOCIATION GESTION ST LOUIS STE CLOTILD,37 ALLEE DE LA FONTAINE 93340 LE RAINCY,93340,LE RAINCY,93,22,100-199,85.31Z,P,9220,,,True,False,False,False,True,,588032.3,0,,6,Warm
381627280,INTERLOGEMENT 93,105 BOULEVARD DE CHANZY 93100 MONTREUIL,93100,MONTREUIL,93,22,100-199,88.99B,Q,9220,,,True,False,False,False,True,,10967476.0,0,,6,Warm
304138555,OGEC FENELON VAUJOURS,1 RUE DE MONTAUBAN 93410 VAUJOURS,93410,VAUJOURS,93,31,200-249,85.31Z,P,9220,,,True,False,False,False,True,,782997.2,0,,6,Warm
394462709,OGEC SAINT BENOIT DE L EUROPE,82 AVENUE GAMBETTA 93170 BAGNOLET,93170,BAGNOLET,93,22,100-199,85.32Z,P,9220,,,True,False,False,False,True,,562253.45,0,,6,Warm
332749530,AGIR BATIR ET REINSERER EN ILE DE FRANCE (ABRI),33 BOULEVARD ROBERT SCHUMAN 93190 LIVRY-GARGAN,93190,LIVRY-GARGAN,93,22,100-199,87.90B,Q,9220,,,True,False,False,False,True,,16300152.0,0,,6,Warm
775678774,ASSOCIATION OZAR HATORAH,31 RUE DES CORDELIERES 75013 PARIS,75013,PARIS,75,31,200-249,70.10Z,P,9220,,,True,False,False,False,True,,884212.89,0,,6,Warm
785646712,OGEC SERVITES DE MARIE (OGEC),1 PLACE CHARLES DE GAULLE 93250 VILLEMOMBLE,93250,VILLEMOMBLE,93,31,200-249,85.31Z,P,9220,,,True,False,False,False,True,,834560.23,0,,6,Warm
785638123,OGEC SAINTE MARIE SAINT VINCENT DE PAUL (OGEC),7 RUE JEAN CHARDAVOINE 93240 STAINS,93240,STAINS,93,22,100-199,85.31Z,P,9220,,,True,False,False,False,True,,725952.88,0,,6,Warm
775734106,A G E C E T,26 AVENUE GALLE 93370 MONTFERMEIL,93370,MONTFERMEIL,93,31,200-249,88.10C,Q,9220,,,True,False,True,False,True,,114502.51,0,,6,Warm
307032623,ASS NAT ACT SOCIA PERSO POLIC NAT MINIST (ANAS),18 QUAI DE POLANGIS 94340 JOINVILLE-LE-PONT,94340,JOINVILLE-LE-PONT,94,21,50-99,70.10Z,I,9230,,,True,False,False,False,True,,1967235.6,0,,6,Warm
775721137,ASSOCIATION ST RAPHAEL,2 PL DU CARROUSSEL 92160 ANTONY,92160,ANTONY,92,21,50-99,87.20A,Q,9220,,,True,False,False,False,True,,919515.0,0,,6,Warm
452310253,ECOD'AIR,CAP 18 73 RUE DE L'EVANGILE 75018 PARIS,75018,PARIS,75,21,50-99,88.10C,Q,9220,,,True,False,True,False,True,,129495.83,0,,6,Warm
477612964,ASSOCIATION DU JEU DE PAUME,1 PLACE DE LA CONCORDE 75001 PARIS,75001,PARIS,75,21,50-99,93.29Z,R,9220,,,True,False,False,False,True,,5142817.48,0,,6,Warm
317467843,TUTELAIRE DES HAUTS-DE-SEINE ((AT 92)),33 RUE DU MOULIN DES BRUYERES 92400 COURBEVOIE,92400,COURBEVOIE,92,21,50-99,88.99B,Q,9220,,,True,False,False,False,True,,3253677.96,0,,6,Warm
784544512,ASS OGEC REBOURS,044 A 046 44 BOULEVARD AUGUSTE BLANQUI 75013 PARIS,75013,PARIS,75,22,100-199,85.32Z,P,9220,,,True,False,False,False,True,,501774.05,0,,6,Warm
300513132,ORCHESTRE NATIONAL DE L'ILE DE FRANCE,19 RUE DES ECOLES 94140 ALFORTVILLE,94140,ALFORTVILLE,94,22,100-199,90.01Z,R,9220,,,True,False,False,False,True,,2350366.64,0,,6,Warm
309123057,GROUPE RECHERCHE ECHANGES TECHNOLOGIQUES (GRET),CAMPUS DU JARDIN TROPICAL 45 B AVENUE DE LA BELLE GABRIELLE 75012 PARIS,75012,PARIS,75,22,100-199,94.99Z,S,9220,,,True,False,False,False,True,,1003000.0,0,,6,Warm
309320612,INST RECHER COORD ACOUST MUSICALE (IRCAM),1 PLACE IGOR STRAVINSKY 31 RUE SAINT-MERRI 75004 PARIS,75004,PARIS,75,22,100-199,71.12B,M,9220,,,True,False,False,False,True,,7274868.76,0,,6,Warm
784573792,FEDE FR JUDO JUJITSU KENDO DISC ASSOCIE (FFJDA),21-25 21 AVENUE DE LA PORTE DE CHATILLON 75014 PARIS,75014,PARIS,75,22,100-199,93.12Z,R,9220,,,True,False,False,False,True,,1059174.44,0,,6,Warm
389503103,OGEC LA SALLE-SAINT NICOLAS,19 RUE VICTOR HUGO 92130 ISSY-LES-MOULINEAUX,92130,ISSY-LES-MOULINEAUX,92,22,100-199,85.31Z,P,9220,,,True,False,False,False,True,,925298.4,0,,6,Warm
785307174,OGEC LYCEE NOTRE-DAME DE BOULOGNE,1 AVENUE CHARLES DE GAULLE 92100 BOULOGNE-BILLANCOURT,92100,BOULOGNE-BILLANCOURT,92,22,100-199,85.31Z,P,9220,,,True,False,False,False,True,,692199.05,0,,6,Warm
483381406,ENSEMBLE PARIS EMPLOI COMPETENCES (EPEC),18 RUE GOUBET 75019 PARIS,75019,PARIS,75,21,50-99,88.99B,Q,9220,,,True,False,False,False,True,,1037412.72,0,,6,Warm
785443482,UNION DEPART ASS FAMILIALES 92 (UDAF),10 B AVENUE DU GENERAL LECLERC 92210 SAINT-CLOUD,92210,SAINT-CLOUD,92,21,50-99,87.20A,Q,9220,,,True,False,False,False,True,,2236218.28,0,,6,Warm
784713794,ASS PROF.HOTELIER RESTAURAT.LIMONADIER (APHRL),20 RUE MEDERIC 75017 PARIS,75017,PARIS,75,21,50-99,85.59B,P,9220,,,True,False,False,False,True,,696125.04,0,,6,Warm
784756595,CENTR ISRAELITE MONTMARTRE,16 RUE LAMARCK 75018 PARIS,75018,PARIS,75,21,50-99,88.91A,Q,9220,,,True,False,False,False,True,,1155639.0,0,,6,Warm
775685605,CENTRE INFORMATION DOCUMENT JEUNESSE,8 RUE EUGENE OUDINE 75013 PARIS,75013,PARIS,75,21,50-99,91.01Z,R,9220,,,True,False,False,False,True,,4004533.76,0,,6,Warm
343684221,REPORTERS SANS FRONTIERES (RSF),47 RUE VIVIENNE 75002 PARIS,75002,PARIS,75,21,50-99,94.12Z,S,9220,,,True,False,False,False,True,,985000.0,0,,6,Warm
785355108,OGEC ENSEMBLE SCOLAIRE MONTALEMBERT,238 BOULEVARD SAINT-DENIS 92400 COURBEVOIE,92400,COURBEVOIE,92,22,100-199,85.31Z,P,9220,,,True,False,False,False,True,,657692.4600000001,0,,6,Warm
302492343,ACADEMIE FRATELLINI,ZAC LANDY-FRANCE RUE DES CHEMINOTS 93200 SAINT-DENIS,93200,SAINT-DENIS,93,21,50-99,85.52Z,P,9220,,,True,False,False,False,True,,2924525.7,0,,6,Warm
334805132,BOSSUET NOTRE DAME,35 RUE DE CHABROL 75010 PARIS,75010,PARIS,75,22,100-199,85.31Z,P,9220,,,True,False,False,False,True,,548001.76,0,,6,Warm
334805801,CARE FRANCE,90 AVENUE DU GENERAL LECLERC 93500 PANTIN,93500,PANTIN,93,21,50-99,88.99B,Q,9220,,,True,False,False,False,True,,4400000.0,0,,6,Warm
785443102,CENTRE PEDAGOGIQUE M DANIELOU,61 RUE DU GENERAL DE MIRIBEL 92500 RUEIL-MALMAISON,92500,RUEIL-MALMAISON,92,22,100-199,85.31Z,P,9220,,,True,False,False,False,True,,659620.06,0,,6,Warm
775683550,ASSOCIATION AUXILIA,7-9 9 RUE DES HARAS 92000 NANTERRE,92000,NANTERRE,92,21,50-99,88.99B,Q,9220,,,True,False,False,False,True,,2844069.0,0,,6,Warm
775722804,ASSOCIATION INSTITUTION NOTRE DAME,65 AVENUE DU GENERAL LECLERC 92340 BOURG-LA-REINE,92340,BOURG-LA-REINE,92,22,100-199,85.31Z,P,9220,,,True,False,False,False,True,,745591.28,0,,6,Warm
428435267,ASS  F.A.D.S.E.P.L.,7 RUE PORTALIS 75008 PARIS,75008,PARIS,75,32,250-499,94.99Z,S,9220,,,True,False,False,False,True,,5343.25,0,,5,Warm
751068545,APATS,105 B RUE DE TOLBIAC 75013 PARIS 13,75013,PARIS 13,75,32,250-499,94.99Z,S,9220,,,True,False,False,False,True,,237.8,0,,5,Warm
775672231,ASSOCIATION POUR L'EMPLOI DES CADRES (APEC),51 BOULEVARD BRUNE 75014 PARIS,75014,PARIS,75,42,1000-1999,78.10Z,N,9220,,,True,False,False,False,True,,57283.4,0,,5,Warm
775681943,ASSOCIATION DE SANTE MENTALE DU 13EME ARRONDISSEMENT DE PARIS (ASM 13),11 RUE ALBERT BAYET 75013 PARIS,75013,PARIS,75,42,1000-1999,86.10Z,Q,9230,,,True,False,False,False,True,,160.0,0,,5,Warm
841464357,ACTIONS COORDONEES DE SANTES - ACS,31 RUE DU LOUVRE 75002 PARIS,75002,PARIS,75,32,250-499,86.21Z,Q,9220,,,True,False,False,False,True,,0.0,0,,5,Warm
538465808,AUTISME EN ILE DE FRANCE (AUTISME EN ILE DE FRANCE SIEGE) (AEIDF),43 B RUE DE CRONSTADT 75015 PARIS,75015,PARIS,75,32,250-499,88.99B,Q,9220,,,True,False,False,False,True,,0.0,0,,5,Warm
423333046,ASS OHALEI YAACOV LE SILENCE DES JUSTES,95 RUE PETIT 75019 PARIS,75019,PARIS,75,41,500-999,87.10B,Q,9220,,,True,False,False,False,True,,0.0,0,,5,Warm
314344235,AFTRAL SERVICE (AFTRAL SERVICE),46 AVENUE DE VILLIERS 75017 PARIS,75017,PARIS,75,32,250-499,82.99Z,N,9220,,,True,False,False,False,True,,0.0,0,,5,Warm
775609571,ASS FRANCAISE CONTRE LES MYOPATHIES (AFM),47-83 47 BOULEVARD DE L'HOPITAL 75013 PARIS,75013,PARIS,75,41,500-999,88.99B,Q,9220,,,True,False,False,False,True,,35000.0,0,,5,Warm
784363152,ASSOCIA AIDE ISRAELITE AGES (ADIAM),42 RUE LE PELETIER 75009 PARIS,75009,PARIS,75,32,250-499,88.10A,Q,9220,,,True,False,False,False,True,,0.0,0,,5,Warm
775741101,INSTITUT GUSTAVE ROUSSY,39 B RUE CAMILLE DESMOULINS 94800 VILLEJUIF,94800,VILLEJUIF,94,51,2000-4999,86.10Z,Q,9220,,,True,False,False,False,True,,12572.78,0,,5,Warm
332494319,GROUPE TECHNIQUE HIPPODROMES PARISIENS (GTHP),ZAC KLEBER BAT D.ENTRE 401 165 BOULEVARD DE VALMY 92700 COLOMBES,92700,COLOMBES,92,32,250-499,78.30Z,N,9220,,,True,False,False,False,True,,0.0,0,,5,Warm
318720646,ACTI COLLTERR INIT SOCI SPOR CULT EDU (ACTISCE),12 RUE GOUTHIERE 75013 PARIS,75013,PARIS,75,32,250-499,93.29Z,R,9220,,,True,False,False,False,True,,0.0,0,,5,Warm
830073276,ASSOCIATION DU SOURIRE ET DU BIEN-ETRE BUCCO-DENTAIRE (ASBBD),20 RUE DROUOT 75009 PARIS,75009,PARIS,75,32,250-499,86.23Z,Q,9220,,,True,False,False,False,True,,418.24,0,,5,Warm
775740863,INSTITUT ROBERT MERLE D'AUBIGNE,INSTITUT ROBERT MERLE D AUBIGNE 2 RUE DU PARC 94460 VALENTON,94460,VALENTON,94,32,250-499,86.10Z,Q,9220,,,True,False,False,False,True,,19223.83,0,,5,Warm
775666803,FONDATION SOS VILLAGES D'ENFANTS,8 VILLA DU PARC DE MONTSOURIS 75014 PARIS,75014,PARIS,75,41,500-999,87.90A,Q,9300,,,True,False,False,False,True,,5900.0,0,,5,Warm
413748062,INSTITUT SUPERIEUR DE GESTION (I.S.G),8 RUE DE LOTA 75016 PARIS,75016,PARIS,75,41,500-999,85.42Z,P,9220,,,True,False,False,False,True,,42000.0,0,,5,Warm
785665126,HOPITAL SAINT CAMILLE,2 RUE DES PERES CAMILLIENS 94360 BRY-SUR-MARNE,94360,BRY-SUR-MARNE,94,42,1000-1999,86.10Z,Q,9220,,,True,False,False,False,True,,19956.64,0,,5,Warm
775662059,COMITE ETUDES SOINS AUX POLYHANDICAPES (CESAP),62 RUE DE LA GLACIERE 75013 PARIS,75013,PARIS,75,42,1000-1999,70.10Z,Q,9220,,,True,False,False,False,True,,0.0,0,,5,Warm
302695564,ASS FORMATION PERMANENTE PERSONNEL HOSP (ANFH),265 RUE DE CHARENTON 75012 PARIS,75012,PARIS,75,32,250-499,94.99Z,S,9220,,,True,False,False,False,True,,0.0,0,,5,Warm
501232789,EFFICIENCE SANTE AU TRAVAIL,33 RUE DE NAPLES 75008 PARIS,75008,PARIS,75,32,250-499,94.99Z,Q,9220,,,True,False,False,False,True,,10979.34,0,,5,Warm
793571969,CHARLOTTE LOISIRS,15 AVENUE GALOIS 92340 BOURG-LA-REINE,92340,BOURG-LA-REINE,92,32,250-499,94.99Z,S,9220,,,True,False,False,False,True,,0.0,0,,5,Warm
775694839,ASS POUR UTILISATION REIN ARTIFICIEL,LE PANORAMIQUE 5 AVENUE DE VERDUN 94200 IVRY-SUR-SEINE,94200,IVRY-SUR-SEINE,94,32,250-499,70.10Z,Q,9220,,,True,False,False,False,True,,0.0,0,,5,Warm
451114383,OMEG AGE GESTION (OMEG AGE GESTION),20 RUE JACQUES DAGUERRE 92500 RUEIL-MALMAISON,92500,RUEIL-MALMAISON,92,42,1000-1999,87.10A,Q,9220,,,True,False,False,False,True,,32188.9,0,,5,Warm
808269708,CHEMINS D'ESPERANCE,57 RUE VIOLET 75015 PARIS,75015,PARIS,75,42,1000-1999,70.10Z,Q,9220,,,True,False,False,False,True,,36973.32,0,,5,Warm
313524753,COSEM COORD OEUVRES SOCIALES,9 RUE BOUDREAU 75009 PARIS,75009,PARIS,75,42,1000-1999,86.21Z,Q,9220,,,True,False,False,False,True,,7244.89,0,,5,Warm
324166610,COMMISSION NALE QUALIF ASSIST,6 RUE NEUVE SAINT-PIERRE 75004 PARIS,75004,PARIS,75,32,250-499,85.59A,P,9220,,,True,False,False,False,True,,0.0,0,,5,Warm
775682313,APAS BATIMENT TRAVAUX PUBLICS (APAS BTP),14 RUE DE LA VANNE 92120 MONTROUGE,92120,MONTROUGE,92,32,250-499,66.19B,I,9220,,,True,False,False,False,True,,15739.680000000002,0,,5,Warm
842032203,CENTRE DE SANTE ACCESS SANTE,6 RUE FOURCROY 75017 PARIS,75017,PARIS,75,42,1000-1999,86.21Z,Q,9220,,,True,False,False,False,True,,39.26,0,,5,Warm
484675012,ASSOCIATION ASALEE,13 RUE FERNAND LEGER 75020 PARIS,75020,PARIS,75,42,1000-1999,94.12Z,S,9220,,,True,False,False,False,True,,50000.0,0,,5,Warm
428433668,ACTION ENFANCE (AE),4 RUE DU TEXEL 75014 PARIS,75014,PARIS,75,42,1000-1999,87.90A,Q,9220,,,True,False,False,False,True,,0.0,0,,5,Warm
903096113,ASSOCIATION DES CENTRES DE PREVENTION AGIRC-ARRCO (ACPAA),16 RUE JULES CESAR 75012 PARIS,75012,PARIS,75,32,250-499,88.99B,Q,9220,,,True,False,False,False,True,,0.0,0,,5,Warm
775733298,ENVOLUDIA (GIMCRP),261 RUE DE PARIS 93100 MONTREUIL,93100,MONTREUIL,93,41,500-999,87.30B,Q,9220,,,True,False,False,False,True,,0.0,0,,5,Warm
775682321,COMITE GESTION OEUVRES SOC ETS HOSPIT PU (CGOS),101 RUE DE TOLBIAC 75013 PARIS,75013,PARIS,75,32,250-499,88.99B,Q,9220,,,True,False,False,False,True,,0.0,0,,5,Warm
775669732,COMITE NAT SECURITE USAGERS ELECTRICITE (CONSUEL),21 RUE AMPERE 75017 PARIS,75017,PARIS,75,32,250-499,71.20B,M,9220,,,True,False,False,False,True,,10748.66,0,,5,Warm
784615379,ASSOCIATION DES DAMES DU CALVAIRE (ADC),106 AVENUE EMILE ZOLA 75015 PARIS,75015,PARIS,75,32,250-499,86.10Z,Q,9220,,,True,False,False,False,True,,0.0,0,,5,Warm
880871983,ECOLE SUPERIEURE DE LA BANQUE,39 BOULEVARD BLAISE PASCAL 92000 NANTERRE,92000,NANTERRE,92,32,250-499,85.59A,P,9220,,,True,False,False,False,True,,15400.0,0,,5,Warm
344824792,ABC PUERICULTURE,9 RUE JEAN DE LA FONTAINE 75016 PARIS,75016,PARIS,75,32,250-499,88.91A,Q,9220,,,True,False,False,False,True,,0.0,0,,5,Warm
784263220,AIDE FAMILIALE DOMICILE REGION PARISIEN (AFAD),135 RUE DU MONT CENIS 75018 PARIS,75018,PARIS,75,32,250-499,88.10A,Q,9220,,,True,False,False,False,True,,0.0,0,,5,Warm
305009102,MSF MEDECINS SANS FRONTIERES,34 AVENUE JEAN JAURES 75019 PARIS,75019,PARIS,75,42,1000-1999,88.99B,Q,9220,,,True,False,False,False,True,,0.0,0,,5,Warm
895186211,ASSOCIATION AMBROISE CROIZAT - SOCIALE ET MEDICO-SOCIALE (AAAC SMS),60 RUE DE LA REPUBLIQUE 93100 MONTREUIL,93100,MONTREUIL,93,32,250-499,88.99B,Q,9220,,,True,False,False,False,True,,0.0,0,,5,Warm
480535384,B2V GESTION ASSOCIATION,4 PLACE DES SAISONS 92400 COURBEVOIE,92400,COURBEVOIE,92,32,250-499,94.99Z,S,9220,,,True,False,False,False,True,,0.0,0,,5,Warm
300512647,ASSOCIATION AMBROISE CROIZAT SANTE (AAC SANTE),4 RUE LASSON 75012 PARIS,75012,PARIS,75,32,250-499,86.10Z,Q,9220,,,True,False,False,False,True,,0.0,0,,5,Warm
538455387,OEUVRES D AVENIR,5 RUE RAVON 92340 BOURG-LA-REINE,92340,BOURG-LA-REINE,92,32,250-499,94.99Z,S,9220,,,True,False,False,False,True,,0.0,0,,5,Warm
784202756,INSTITUT DE FORMATION DE LA PROFESSION DE L'ASSURANCE (IFPASS),172-174 172 RUE DE LA REPUBLIQUE 92800 PUTEAUX,92800,PUTEAUX,92,22,100-199,85.59B,P,9220,10029142.0,140823.0,True,False,False,False,True,ARACHTINGI LAURENT CHARLES DESIRE (Directeur Général); ARIB NICOLAS (Administrateur); BELOT ROGER GABY (Président du conseil d'administration); COURET ADRIEN (Administrateur); MORELLI (DE LALUN) SABINE (Administrateur); PLASSON (HAZEBROUCQ ) FREDERIQUE (Administrateur); JARRY JULIETTE (Administrateur); JOLLY VERONIQUE (Administrateur); MORTERA SYLVAIN (Administrateur),0.0,0,,5,Warm
784405862,FEDERATION FRANCAISE DE BASKET BALL (FFBB),117 RUE DU CHATEAU DES RENTIERS 75013 PARIS,75013,PARIS,75,32,250-499,93.12Z,R,9220,,,True,False,False,False,True,,20500.0,0,,5,Warm
841163629,MEDIKSANTE,206 BOULEVARD PEREIRE 75017 PARIS,75017,PARIS,75,32,250-499,86.21Z,Q,9220,,,True,False,False,False,True,,290.0,0,,5,Warm
300570256,SOC NOTRE DAME DE JOIE,3 RUE DUGUAY-TROUIN 75006 PARIS,75006,PARIS,75,32,250-499,88.99B,Q,9220,,,True,False,False,False,True,,28909.38,0,,5,Warm
775728249,ASSOCIATION NOTRE DAME,46 AVENUE DU ROULE 92200 NEUILLY-SUR-SEINE,92200,NEUILLY-SUR-SEINE,92,32,250-499,70.10Z,Q,9220,,,True,False,False,False,True,,0.0,0,,5,Warm
401415500,FRANCE GALOP,IMMEUBLE THEMIS 15 BOULEVARD DE DOUAUMONT 75017 PARIS,75017,PARIS,75,41,500-999,93.19Z,R,9220,,,True,False,False,False,True,,0.0,0,,5,Warm
323934323,CULTURES LOISIRS ANIMATIONS DE LA VILLE ISSY LES MOULINEAUX (CLAVIM),60 RUE DU GENERAL LECLERC 92130 ISSY-LES-MOULINEAUX,92130,ISSY-LES-MOULINEAUX,92,32,250-499,94.99Z,S,9220,,,True,False,False,False,True,,29500.0,0,,5,Warm
784308272,THE AMERICAN UNIVERSITY OF PARIS,5 BOULEVARD DE LA TOUR-MAUBOURG 75007 PARIS,75007,PARIS,75,32,250-499,85.42Z,P,9220,,,True,False,False,False,True,,0.0,0,,5,Warm
775671381,FEDERATION FRANCAISE DE TENNIS (FFT),STADE ROLAND GARROS 2 AVENUE GORDON BENNETT 75016 PARIS,75016,PARIS,75,41,500-999,93.19Z,R,9220,,,True,False,False,False,True,,19240.0,0,,5,Warm
312273592,ASSOCIATION LANGAGE & INTEGRATION,MAILLE NORD II 8 AVENUE MONTAIGNE 93160 NOISY-LE-GRAND,93160,NOISY-LE-GRAND,93,32,250-499,88.91B,Q,9220,,,True,False,False,False,True,,1600.0,0,,5,Warm
423855196,EPITECH ECOLE INFORMATIQUE NOUV TECHNOL,24 RUE PASTEUR 94270 LE KREMLIN-BICETRE,94270,LE KREMLIN-BICETRE,94,32,250-499,85.59A,P,9220,,,True,False,False,False,True,,16899.22,0,,5,Warm
784778029,FONDATION A DE ROTHSCHILD,29 RUE MANIN 75019 PARIS,75019,PARIS,75,42,1000-1999,86.10Z,Q,9300,,,True,False,False,False,True,,28978.52,0,,5,Warm
784522914,ASSOCIATION POLYVALENTE DE SERVICES DE SOINS ET D'ACCOMPAGNEMENT A DOMICILE (APSSAD),224 RUE DU FBG ST ANTOINE 75012 PARIS 12,75012,PARIS 12,75,32,250-499,88.99B,Q,9220,,,True,False,False,False,True,,0.0,0,,5,Warm
775678261,LE REFUGE DES CHEMINOTS,64 BOULEVARD DE REUILLY 75012 PARIS,75012,PARIS,75,32,250-499,87.10A,Q,9220,,,True,False,False,False,True,,0.0,0,,5,Warm
312285901,ASS GESTION ASSISTANTS DE SENATEURS,[NON-DIFFUSIBLE],[NON-DIFFUSIBLE],PARIS,75,41,500-999,94.99Z,S,9220,,,True,False,False,False,True,,0.0,0,,5,Warm
784401846,ASS GESTION CENTRE MEDICAL EUROPE ANNEXE,44 RUE D'AMSTERDAM 75009 PARIS,75009,PARIS,75,32,250-499,86.21Z,Q,9220,,,True,False,False,False,True,,2380.2200000000003,0,,5,Warm
810995852,DENTASMILE,32 BOULEVARD DE STRASBOURG 75010 PARIS,75010,PARIS,75,32,250-499,86.23Z,Q,9220,,,True,False,False,False,True,,0.0,0,,5,Warm
784670630,CENTRE HOSPITALIER DE BLIGNY,61 RUE SAINT-DIDIER 75016 PARIS,75016,PARIS,75,41,500-999,86.10Z,Q,9230,,,True,False,False,False,True,,15000.0,0,,5,Warm
402850226,ASSOCIATION LEONARD DE VINCI,POLE UNIVERSITAIRE 2 AVENUE LEONARD DE VINCI 92400 COURBEVOIE,92400,COURBEVOIE,92,41,500-999,85.42Z,P,9220,,,True,False,False,False,True,,5000.0,0,,5,Warm
785423773,HOPITAL AMERICAIN DE PARIS,63 BOULEVARD VICTOR HUGO 92200 NEUILLY-SUR-SEINE,92200,NEUILLY-SUR-SEINE,92,41,500-999,86.10Z,Q,9220,,,True,False,False,False,True,,8157.43,0,,5,Warm
334655453,LEVALLOIS SPORTING CLUB,24 RUE LOUISE MICHEL 92300 LEVALLOIS-PERRET,92300,LEVALLOIS-PERRET,92,32,250-499,93.12Z,R,9220,,,True,False,False,False,True,,0.0,0,,5,Warm
